year,team,conference,division,expected_wins,total_games,total_wins,total_losses,total_ties,conference_games,conference_wins,conference_losses,conference_ties,home_games,home_wins,home_losses,home_ties,away_games,away_wins,away_losses,away_ties
2021,Air Force,Mountain West,Mountain,9.1,13,10,3,0,8,6,2,0,6,4,2,0,5,5,0,0
2021,Akron,Mid-American,East,1.9,12,2,10,0,8,1,7,0,6,1,5,0,6,1,5,0
2021,Alabama,SEC,West,11,15,13,2,0,9,8,1,0,7,7,0,0,4,3,1,0
2021,Appalachian State,Sun Belt,West,11.3,14,10,4,0,9,7,2,0,7,7,0,0,6,3,3,0
2021,Arizona,Pac-12,South,1.9,12,1,11,0,9,1,8,0,6,1,5,0,5,0,5,0
2021,Arizona State,Pac-12,South,9.2,13,8,5,0,9,6,3,0,7,6,1,0,5,2,3,0
2021,Arkansas,SEC,West,9.2,13,9,4,0,8,4,4,0,7,6,1,0,4,1,3,0
2021,Arkansas State,Sun Belt,East,2.9,12,2,10,0,8,1,7,0,6,1,5,0,6,1,5,0
2021,Army,FBS Independents,,10,13,9,4,0,0,0,0,0,7,5,2,0,4,2,2,0
2021,Auburn,SEC,West,6.3,13,6,7,0,8,3,5,0,7,4,3,0,5,2,3,0
2021,Ball State,Mid-American,West,4.2,13,6,7,0,8,4,4,0,6,3,3,0,6,3,3,0
2021,Baylor,Big 12,,10.2,14,12,2,0,10,8,2,0,7,7,0,0,5,3,2,0
2021,Boise State,Mountain West,Mountain,6.6,12,7,5,0,8,5,3,0,6,3,3,0,6,4,2,0
2021,Boston College,ACC,Atlantic,6.4,12,6,6,0,8,2,6,0,6,3,3,0,6,3,3,0
2021,Bowling Green,Mid-American,East,3,12,4,8,0,8,2,6,0,6,2,4,0,6,2,4,0
2021,Buffalo,Mid-American,East,4.4,12,4,8,0,8,2,6,0,6,2,4,0,6,2,4,0
2021,BYU,FBS Independents,,8.3,13,10,3,0,0,0,0,0,6,5,1,0,5,4,1,0
2021,California,Pac-12,North,6.1,12,5,7,0,9,4,5,0,6,4,2,0,6,1,5,0
2021,Central Michigan,Mid-American,West,8.3,13,9,4,0,8,6,2,0,6,5,1,0,6,3,3,0
2021,Charlotte,Conference USA,East,3.2,12,5,7,0,8,3,5,0,6,4,2,0,6,1,5,0
2021,Cincinnati,American Athletic,East,10.9,14,13,1,0,9,9,0,0,7,7,0,0,6,6,0,0
2021,Clemson,ACC,Atlantic,8.7,13,10,3,0,8,6,2,0,6,6,0,0,5,3,2,0
2021,Coastal Carolina,Sun Belt,West,9.5,13,11,2,0,8,6,2,0,7,6,1,0,5,4,1,0
2021,Colorado,Pac-12,South,3.2,12,4,8,0,9,3,6,0,6,4,2,0,5,0,5,0
2021,Colorado State,Mountain West,Mountain,6,12,3,9,0,8,2,6,0,6,1,5,0,6,2,4,0
2021,Connecticut,FBS Independents,,1.5,12,1,11,0,0,0,0,0,6,1,5,0,6,0,6,0
2021,Duke,ACC,Coastal,4.1,12,3,9,0,8,0,8,0,7,3,4,0,5,0,5,0
2021,East Carolina,American Athletic,East,5.7,12,7,5,0,8,5,3,0,6,4,2,0,6,3,3,0
2021,Eastern Michigan,Mid-American,West,3.5,13,7,6,0,8,4,4,0,6,4,2,0,6,3,3,0
2021,Florida,SEC,East,8.3,13,6,7,0,8,2,6,0,6,5,1,0,5,1,4,0
2021,Florida Atlantic,Conference USA,East,6.4,12,5,7,0,8,3,5,0,6,4,2,0,6,1,5,0
2021,Florida International,Conference USA,East,1.2,12,1,11,0,8,0,8,0,6,1,5,0,6,0,6,0
2021,Florida State,ACC,Atlantic,6,12,5,7,0,9,4,5,0,7,3,4,0,5,2,3,0
2021,Fresno State,Mountain West,West,8.3,13,10,3,0,8,6,2,0,6,5,1,0,6,4,2,0
2021,Georgia,SEC,East,13.9,15,14,1,0,9,8,1,0,6,6,0,0,4,4,0,0
2021,Georgia Southern,Sun Belt,West,3.2,12,3,9,0,8,2,6,0,6,2,4,0,6,1,5,0
2021,Georgia State,Sun Belt,West,6.9,13,8,5,0,8,6,2,0,6,4,2,0,6,3,3,0
2021,Georgia Tech,ACC,Coastal,3,12,3,9,0,9,2,7,0,6,1,5,0,5,1,4,0
2021,Hawai'i,Mountain West,West,5.3,13,6,7,0,8,3,5,0,6,4,2,0,7,2,5,0
2021,Houston,American Athletic,West,10.8,14,12,2,0,9,8,1,0,5,5,0,0,7,6,1,0
2021,Illinois,Big Ten,West,6.1,12,5,7,0,9,4,5,0,7,3,4,0,5,2,3,0
2021,Indiana,Big Ten,East,2.9,12,2,10,0,9,0,9,0,6,1,5,0,6,1,5,0
2021,Iowa,Big Ten,West,7,14,10,4,0,10,7,3,0,7,6,1,0,5,4,1,0
2021,Iowa State,Big 12,,7.3,13,7,6,0,9,5,4,0,6,5,1,0,6,2,4,0
2021,Kansas,Big 12,,1.7,12,2,10,0,9,1,8,0,6,1,5,0,6,1,5,0
2021,Kansas State,Big 12,,7.4,13,8,5,0,9,4,5,0,7,4,3,0,4,2,2,0
2021,Kent State,Mid-American,East,5.7,14,7,7,0,9,6,3,0,5,5,0,0,7,2,5,0
2021,Kentucky,SEC,East,8.5,13,10,3,0,8,5,3,0,7,6,1,0,5,3,2,0
2021,Liberty,FBS Independents,,7.9,13,8,5,0,0,0,0,0,6,4,2,0,6,3,3,0
2021,Louisiana,Sun Belt,East,8.7,14,13,1,0,9,9,0,0,7,7,0,0,6,5,1,0
2021,Louisiana Monroe,Sun Belt,East,3,12,4,8,0,8,2,6,0,6,4,2,0,6,0,6,0
2021,Louisiana Tech,Conference USA,West,4.1,12,3,9,0,8,2,6,0,6,3,3,0,6,0,6,0
2021,Louisville,ACC,Atlantic,8.8,13,6,7,0,8,4,4,0,7,4,3,0,4,2,2,0
2021,LSU,SEC,West,7.2,13,6,7,0,8,3,5,0,7,5,2,0,5,1,4,0
2021,Marshall,Conference USA,East,6.4,13,7,6,0,8,5,3,0,6,3,3,0,6,4,2,0
2021,Maryland,Big Ten,East,6.1,13,7,6,0,9,3,6,0,7,4,3,0,5,2,3,0
2021,Memphis,American Athletic,West,6.4,12,6,6,0,8,3,5,0,7,5,2,0,5,1,4,0
2021,Miami,ACC,Coastal,6,12,7,5,0,8,5,3,0,7,5,2,0,4,2,2,0
2021,Miami (OH),Mid-American,East,6.3,13,7,6,0,8,5,3,0,5,5,0,0,7,1,6,0
2021,Michigan,Big Ten,East,11.7,14,12,2,0,10,9,1,0,7,7,0,0,5,4,1,0
2021,Michigan State,Big Ten,East,9.2,13,11,2,0,9,7,2,0,6,6,0,0,6,4,2,0
2021,Middle Tennessee,Conference USA,East,4.1,13,7,6,0,8,4,4,0,5,4,1,0,7,2,5,0
2021,Minnesota,Big Ten,West,10.1,13,9,4,0,9,6,3,0,7,4,3,0,5,4,1,0
2021,Mississippi State,SEC,West,6.1,13,7,6,0,8,4,4,0,7,4,3,0,5,3,2,0
2021,Missouri,SEC,East,3.9,13,6,7,0,8,3,5,0,7,5,2,0,5,1,4,0
2021,Navy,American Athletic,West,7,12,4,8,0,8,3,5,0,6,1,5,0,6,3,3,0
2021,NC State,ACC,Atlantic,8,12,9,3,0,8,6,2,0,7,7,0,0,5,2,3,0
2021,Nebraska,Big Ten,West,7.6,12,3,9,0,9,1,8,0,7,3,4,0,5,0,5,0
2021,Nevada,Mountain West,West,6.5,13,8,5,0,8,5,3,0,6,5,1,0,6,3,3,0
2021,New Mexico,Mountain West,Mountain,2.3,12,3,9,0,8,1,7,0,6,2,4,0,6,1,5,0
2021,New Mexico State,FBS Independents,,2.1,12,2,10,0,0,0,0,0,5,2,3,0,7,0,7,0
2021,North Carolina,ACC,Coastal,5.8,13,6,7,0,10,4,6,0,7,6,1,0,4,0,4,0
2021,Northern Illinois,Mid-American,West,7.7,14,9,5,0,9,7,2,0,6,4,2,0,6,4,2,0
2021,North Texas,Conference USA,West,6.1,13,6,7,0,8,5,3,0,6,3,3,0,6,3,3,0
2021,Northwestern,Big Ten,West,3.4,12,3,9,0,9,1,8,0,6,3,3,0,5,0,5,0
2021,Notre Dame,FBS Independents,,9.8,13,11,2,0,5,5,0,0,7,6,1,0,4,4,0,0
2021,Ohio,Mid-American,East,3.9,12,3,9,0,8,3,5,0,6,1,5,0,6,2,4,0
2021,Ohio State,Big Ten,East,9.9,13,11,2,0,9,8,1,0,7,6,1,0,5,4,1,0
2021,Oklahoma,Big 12,,8.4,13,11,2,0,9,7,2,0,7,7,0,0,4,2,2,0
2021,Oklahoma State,Big 12,,10.1,14,12,2,0,10,8,2,0,7,7,0,0,5,4,1,0
2021,Old Dominion,Conference USA,East,5.8,13,6,7,0,8,5,3,0,6,4,2,0,6,2,4,0
2021,Ole Miss,SEC,West,9,13,10,3,0,8,6,2,0,7,7,0,0,4,2,2,0
2021,Oregon,Pac-12,North,9.8,14,10,4,0,10,7,3,0,7,7,0,0,5,3,2,0
2021,Oregon State,Pac-12,North,8.7,13,7,6,0,9,5,4,0,6,6,0,0,6,1,5,0
2021,Penn State,Big Ten,East,7.1,13,7,6,0,9,4,5,0,7,5,2,0,5,2,3,0
2021,Pittsburgh,ACC,Coastal,10.6,14,11,3,0,9,8,1,0,7,5,2,0,5,5,0,0
2021,Purdue,Big Ten,West,6.2,13,9,4,0,9,6,3,0,6,4,2,0,5,3,2,0
2021,Rice,Conference USA,West,4.9,12,4,8,0,8,3,5,0,6,3,3,0,6,1,5,0
2021,Rutgers,Big Ten,East,4.1,13,5,8,0,9,2,7,0,6,2,4,0,6,3,3,0
2021,San Diego State,Mountain West,West,10.4,14,12,2,0,9,7,2,0,8,6,2,0,5,5,0,0
2021,San José State,Mountain West,West,4.2,12,5,7,0,8,3,5,0,6,3,3,0,6,2,4,0
2021,SMU,American Athletic,West,6.9,12,8,4,0,8,4,4,0,6,5,1,0,6,3,3,0
2021,South Alabama,Sun Belt,East,5.1,12,5,7,0,8,2,6,0,6,4,2,0,6,1,5,0
2021,South Carolina,SEC,East,6.9,13,7,6,0,8,3,5,0,7,5,2,0,5,1,4,0
2021,Southern Mississippi,Conference USA,West,3.3,12,3,9,0,8,2,6,0,6,2,4,0,6,1,5,0
2021,South Florida,American Athletic,East,3.3,12,2,10,0,8,1,7,0,6,2,4,0,6,0,6,0
2021,Stanford,Pac-12,North,2.8,12,3,9,0,9,2,7,0,6,1,5,0,5,2,3,0
2021,Syracuse,ACC,Atlantic,5.6,12,5,7,0,8,2,6,0,7,3,4,0,5,2,3,0
2021,TCU,Big 12,,4.8,12,5,7,0,9,3,6,0,7,4,3,0,5,1,4,0
2021,Temple,American Athletic,East,2.1,12,3,9,0,8,1,7,0,6,2,4,0,6,1,5,0
2021,Tennessee,SEC,East,8.1,13,7,6,0,8,4,4,0,8,5,3,0,4,2,2,0
2021,Texas,Big 12,,4.6,12,5,7,0,9,3,6,0,6,4,2,0,5,1,4,0
2021,Texas A&M,SEC,West,9,12,8,4,0,8,4,4,0,7,6,1,0,3,1,2,0
2021,Texas State,Sun Belt,East,2.3,12,4,8,0,8,3,5,0,6,2,4,0,6,2,4,0
2021,Texas Tech,Big 12,,6,13,7,6,0,9,3,6,0,6,3,3,0,5,2,3,0
2021,Toledo,Mid-American,West,8,13,7,6,0,8,5,3,0,6,3,3,0,6,4,2,0
2021,Troy,Sun Belt,East,4.9,12,5,7,0,8,3,5,0,6,3,3,0,6,2,4,0
2021,Tulane,American Athletic,West,4.3,12,2,10,0,8,1,7,0,6,2,4,0,6,0,6,0
2021,Tulsa,American Athletic,West,6.5,13,7,6,0,8,5,3,0,6,3,3,0,6,3,3,0
2021,UAB,Conference USA,West,9.5,13,9,4,0,8,6,2,0,5,3,2,0,6,4,2,0
2021,UCF,American Athletic,East,7.3,13,9,4,0,8,5,3,0,7,7,0,0,5,1,4,0
2021,UCLA,Pac-12,South,8.8,12,8,4,0,9,6,3,0,7,4,3,0,5,4,1,0
2021,UMass,FBS Independents,,1.3,12,1,11,0,0,0,0,0,6,1,5,0,6,0,6,0
2021,UNLV,Mountain West,West,2.1,12,2,10,0,8,2,6,0,6,1,5,0,6,1,5,0
2021,USC,Pac-12,South,3.5,12,4,8,0,9,3,6,0,7,2,5,0,5,2,3,0
2021,Utah,Pac-12,South,10.2,14,10,4,0,10,9,1,0,6,6,0,0,6,3,3,0
2021,Utah State,Mountain West,Mountain,8.7,14,11,3,0,9,7,2,0,6,3,3,0,7,7,0,0
2021,UTEP,Conference USA,West,8.2,13,7,6,0,8,4,4,0,6,5,1,0,6,2,4,0
2021,UT San Antonio,Conference USA,West,9.2,14,12,2,0,9,8,1,0,7,7,0,0,6,5,1,0
2021,Vanderbilt,SEC,East,0.9,12,2,10,0,8,0,8,0,7,1,6,0,5,1,4,0
2021,Virginia,ACC,Coastal,4.6,12,6,6,0,9,4,5,0,7,4,3,0,5,2,3,0
2021,Virginia Tech,ACC,Coastal,5.9,13,6,7,0,9,4,5,0,7,4,3,0,5,2,3,0
2021,Wake Forest,ACC,Atlantic,7.5,14,11,3,0,10,7,3,0,6,6,0,0,6,4,2,0
2021,Washington,Pac-12,North,4.5,12,4,8,0,9,3,6,0,7,2,5,0,5,2,3,0
2021,Washington State,Pac-12,North,5.6,13,7,6,0,9,6,3,0,7,4,3,0,5,3,2,0
2021,Western Kentucky,Conference USA,East,7.2,14,9,5,0,9,7,2,0,6,4,2,0,7,4,3,0
2021,Western Michigan,Mid-American,West,9.4,13,8,5,0,8,4,4,0,6,4,2,0,6,3,3,0
2021,West Virginia,Big 12,,6,13,6,7,0,9,4,5,0,6,4,2,0,6,2,4,0
2021,Wisconsin,Big Ten,West,9,13,9,4,0,9,6,3,0,7,5,2,0,4,3,1,0
2021,Wyoming,Mountain West,Mountain,7.6,13,7,6,0,8,2,6,0,6,3,3,0,6,3,3,0
2020,Air Force,Mountain West,Mountain,4.7,6,3,3,0,4,2,2,0,3,2,1,0,3,1,2,0
2020,Akron,Mid-American,East,1.8,6,1,5,0,6,1,5,0,3,1,2,0,3,0,3,0
2020,Alabama,SEC,West,12.6,13,13,0,0,11,11,0,0,5,5,0,0,5,5,0,0
2020,Appalachian State,Sun Belt,West,8.7,12,9,3,0,8,6,2,0,6,5,1,0,5,3,2,0
2020,Arizona,Pac-12,South,0.5,5,0,5,0,5,0,5,0,3,0,3,0,2,0,2,0
2020,Arizona State,Pac-12,South,2.7,4,2,2,0,4,2,2,0,1,0,1,0,3,2,1,0
2020,Arkansas,SEC,West,5.9,10,3,7,0,10,3,7,0,5,2,3,0,5,1,4,0
2020,Arkansas State,Sun Belt,East,4.7,11,4,7,0,8,2,6,0,5,3,2,0,6,1,5,0
2020,Army,FBS Independents,,9.2,12,9,3,0,0,0,0,0,7,7,0,0,3,1,2,0
2020,Auburn,SEC,West,4.7,11,6,5,0,10,6,4,0,5,4,1,0,5,2,3,0
2020,Ball State,Mid-American,West,4.6,8,7,1,0,7,6,1,0,3,3,0,0,3,2,1,0
2020,Baylor,Big 12,,2.5,9,2,7,0,9,2,7,0,4,2,2,0,5,0,5,0
2020,Boise State,Mountain West,Mountain,4.7,7,5,2,0,6,5,1,0,3,2,1,0,3,3,0,0
2020,Boston College,ACC,Atlantic,4.3,11,6,5,0,10,5,5,0,6,4,2,0,5,2,3,0
2020,Bowling Green,Mid-American,East,0,5,0,5,0,5,0,5,0,2,0,2,0,3,0,3,0
2020,Buffalo,Mid-American,East,6.1,7,6,1,0,6,5,1,0,3,3,0,0,2,2,0,0
2020,BYU,FBS Independents,,10.3,12,11,1,0,0,0,0,0,7,7,0,0,4,3,1,0
2020,California,Pac-12,North,1.1,4,1,3,0,4,1,3,0,2,1,1,0,2,0,2,0
2020,Central Michigan,Mid-American,West,2.7,6,3,3,0,6,3,3,0,3,1,2,0,3,2,1,0
2020,Charlotte,Conference USA,East,2.2,6,2,4,0,4,2,2,0,2,1,1,0,4,1,3,0
2020,Cincinnati,American Athletic,East,9,10,9,1,0,7,7,0,0,7,7,0,0,2,2,0,0
2020,Clemson,ACC,Atlantic,9.1,12,10,2,0,10,9,1,0,6,6,0,0,4,3,1,0
2020,Coastal Carolina,Sun Belt,West,10.9,12,11,1,0,8,8,0,0,6,6,0,0,5,5,0,0
2020,Colorado,Pac-12,South,4.1,6,4,2,0,4,3,1,0,3,2,1,0,2,2,0,0
2020,Colorado State,Mountain West,Mountain,0.9,4,1,3,0,4,1,3,0,1,1,0,0,3,0,3,0
2020,Duke,ACC,Coastal,2.2,11,2,9,0,10,1,9,0,5,1,4,0,6,1,5,0
2020,East Carolina,American Athletic,East,2.9,9,3,6,0,8,3,5,0,4,1,3,0,5,2,3,0
2020,Eastern Michigan,Mid-American,West,2.5,6,2,4,0,6,2,4,0,3,1,2,0,3,1,2,0
2020,Florida,SEC,East,8,12,8,4,0,11,8,3,0,5,4,1,0,4,3,1,0
2020,Florida Atlantic,Conference USA,East,3.6,9,5,4,0,6,4,2,0,4,4,0,0,4,1,3,0
2020,Florida International,Conference USA,East,0.9,5,0,5,0,3,0,3,0,3,0,3,0,2,0,2,0
2020,Florida State,ACC,Atlantic,3.2,9,3,6,0,8,2,6,0,5,3,2,0,4,0,4,0
2020,Fresno State,Mountain West,West,3.4,6,3,3,0,6,3,3,0,2,1,1,0,4,2,2,0
2020,Georgia,SEC,East,7.5,10,8,2,0,9,7,2,0,3,3,0,0,5,4,1,0
2020,Georgia Southern,Sun Belt,West,10,13,8,5,0,8,4,4,0,7,6,1,0,5,1,4,0
2020,Georgia State,Sun Belt,West,6.1,10,6,4,0,8,4,4,0,5,3,2,0,4,2,2,0
2020,Georgia Tech,ACC,Coastal,4.2,10,3,7,0,9,3,6,0,6,2,4,0,4,1,3,0
2020,Hawai'i,Mountain West,West,4.1,9,5,4,0,8,4,4,0,4,3,1,0,4,1,3,0
2020,Houston,American Athletic,West,3.4,8,3,5,0,6,3,3,0,4,2,2,0,3,1,2,0
2020,Illinois,Big Ten,West,2.3,8,2,6,0,8,2,6,0,3,0,3,0,5,2,3,0
2020,Indiana,Big Ten,East,4.4,8,6,2,0,7,6,1,0,3,3,0,0,4,3,1,0
2020,Iowa,Big Ten,West,6.3,8,6,2,0,8,6,2,0,4,3,1,0,4,3,1,0
2020,Iowa State,Big 12,,8.7,12,9,3,0,10,8,2,0,6,5,1,0,4,3,1,0
2020,Kansas,Big 12,,0.3,9,0,9,0,8,0,8,0,4,0,4,0,5,0,5,0
2020,Kansas State,Big 12,,5,10,4,6,0,9,4,5,0,5,2,3,0,5,2,3,0
2020,Kent State,Mid-American,East,3,4,3,1,0,4,3,1,0,2,2,0,0,2,1,1,0
2020,Kentucky,SEC,East,5.7,11,5,6,0,10,4,6,0,5,3,2,0,5,1,4,0
2020,Liberty,FBS Independents,,8.1,11,10,1,0,0,0,0,0,6,6,0,0,4,3,1,0
2020,Louisiana,Sun Belt,East,7.1,11,10,1,0,8,7,1,0,4,3,1,0,6,6,0,0
2020,Louisiana Monroe,Sun Belt,East,0.1,10,0,10,0,7,0,7,0,5,0,5,0,5,0,5,0
2020,Louisiana Tech,Conference USA,West,2.8,10,5,5,0,6,4,2,0,4,3,1,0,5,2,3,0
2020,Louisville,ACC,Atlantic,5.5,11,4,7,0,10,3,7,0,6,4,2,0,5,0,5,0
2020,LSU,SEC,West,3.1,10,5,5,0,10,5,5,0,5,2,3,0,5,3,2,0
2020,Marshall,Conference USA,East,7,10,7,3,0,6,4,2,0,7,5,2,0,2,2,0,0
2020,Maryland,Big Ten,East,2.3,5,2,3,0,5,2,3,0,2,1,1,0,3,1,2,0
2020,Memphis,American Athletic,West,5.3,11,8,3,0,8,5,3,0,6,6,0,0,4,1,3,0
2020,Miami,ACC,Coastal,6.8,11,8,3,0,9,7,2,0,5,4,1,0,5,4,1,0
2020,Miami (OH),Mid-American,East,1,3,2,1,0,3,2,1,0,1,1,0,0,2,1,1,0
2020,Michigan,Big Ten,East,2.2,6,2,4,0,6,2,4,0,3,0,3,0,3,2,1,0
2020,Michigan State,Big Ten,East,2.6,7,2,5,0,7,2,5,0,4,1,3,0,3,1,2,0
2020,Middle Tennessee,Conference USA,East,3.5,9,3,6,0,5,2,3,0,3,0,3,0,6,3,3,0
2020,Minnesota,Big Ten,West,3.3,7,3,4,0,7,3,4,0,3,1,2,0,4,2,2,0
2020,Mississippi State,SEC,West,2.5,11,4,7,0,10,3,7,0,5,2,3,0,5,1,4,0
2020,Missouri,SEC,East,3.9,10,5,5,0,10,5,5,0,5,3,2,0,5,2,3,0
2020,Navy,American Athletic,West,4.7,10,3,7,0,7,3,4,0,5,1,4,0,4,2,2,0
2020,NC State,ACC,Atlantic,6.2,12,8,4,0,10,7,3,0,6,5,1,0,5,3,2,0
2020,Nebraska,Big Ten,West,3.5,8,3,5,0,8,3,5,0,3,1,2,0,5,2,3,0
2020,Nevada,Mountain West,West,5,9,7,2,0,8,6,2,0,4,4,0,0,4,2,2,0
2020,New Mexico,Mountain West,Mountain,2.3,7,2,5,0,7,2,5,0,4,2,2,0,3,0,3,0
2020,New Mexico State,FBS Independents,,0,2,1,1,0,0,0,0,0,0,0,0,0,0,0,0,0
2020,North Carolina,ACC,Coastal,8.6,12,8,4,0,10,7,3,0,6,5,1,0,5,3,2,0
2020,Northern Illinois,Mid-American,West,0.7,6,0,6,0,6,0,6,0,3,0,3,0,3,0,3,0
2020,North Texas,Conference USA,West,4.2,10,4,6,0,7,3,4,0,6,2,4,0,3,2,1,0
2020,Northwestern,Big Ten,West,6.1,9,7,2,0,8,6,2,0,4,4,0,0,3,2,1,0
2020,Notre Dame,FBS Independents,,9.1,12,10,2,0,10,9,1,0,6,6,0,0,4,4,0,0
2020,Ohio,Mid-American,East,1.9,3,2,1,0,3,2,1,0,2,2,0,0,1,0,1,0
2020,Ohio State,Big Ten,East,6.9,8,7,1,0,6,6,0,0,3,3,0,0,2,2,0,0
2020,Oklahoma,Big 12,,9,11,9,2,0,9,7,2,0,5,4,1,0,3,2,1,0
2020,Oklahoma State,Big 12,,6.7,11,8,3,0,9,6,3,0,5,4,1,0,5,3,2,0
2020,Ole Miss,SEC,West,4.2,10,5,5,0,9,4,5,0,5,2,3,0,4,2,2,0
2020,Oregon,Pac-12,North,5,7,4,3,0,6,4,2,0,2,2,0,0,4,2,2,0
2020,Oregon State,Pac-12,North,2.1,7,2,5,0,7,2,5,0,5,2,3,0,2,0,2,0
2020,Penn State,Big Ten,East,5.3,9,4,5,0,9,4,5,0,5,2,3,0,4,2,2,0
2020,Pittsburgh,ACC,Coastal,6.1,11,6,5,0,10,5,5,0,6,4,2,0,5,2,3,0
2020,Purdue,Big Ten,West,1.2,6,2,4,0,6,2,4,0,4,1,3,0,2,1,1,0
2020,Rice,Conference USA,West,2.6,5,2,3,0,5,2,3,0,2,0,2,0,3,2,1,0
2020,Rutgers,Big Ten,East,2,9,3,6,0,9,3,6,0,5,0,5,0,4,3,1,0
2020,San Diego State,Mountain West,West,5.5,8,4,4,0,6,4,2,0,4,3,1,0,4,1,3,0
2020,San José State,Mountain West,West,5.4,8,7,1,0,7,7,0,0,4,4,0,0,2,2,0,0
2020,SMU,American Athletic,West,6.2,10,7,3,0,7,4,3,0,4,3,1,0,6,4,2,0
2020,South Alabama,Sun Belt,East,3.9,11,4,7,0,8,3,5,0,6,2,4,0,5,2,3,0
2020,South Carolina,SEC,East,2.7,10,2,8,0,10,2,8,0,5,1,4,0,5,1,4,0
2020,Southern Mississippi,Conference USA,West,3.5,10,3,7,0,6,2,4,0,7,2,5,0,3,1,2,0
2020,South Florida,American Athletic,East,1.7,9,1,8,0,7,0,7,0,4,1,3,0,5,0,5,0
2020,Stanford,Pac-12,North,1.6,6,4,2,0,6,4,2,0,1,0,1,0,5,4,1,0
2020,Syracuse,ACC,Atlantic,1.4,11,1,10,0,10,1,9,0,6,1,5,0,5,0,5,0
2020,TCU,Big 12,,6.2,10,6,4,0,9,5,4,0,6,3,3,0,4,3,1,0
2020,Temple,American Athletic,East,1,7,1,6,0,7,1,6,0,3,1,2,0,4,0,4,0
2020,Tennessee,SEC,East,3.3,10,3,7,0,10,3,7,0,5,1,4,0,5,2,3,0
2020,Texas,Big 12,,6.3,10,7,3,0,8,5,3,0,5,3,2,0,3,3,0,0
2020,Texas A&M,SEC,West,8.4,10,9,1,0,9,8,1,0,4,4,0,0,5,4,1,0
2020,Texas State,Sun Belt,East,2.1,12,2,10,0,8,2,6,0,6,1,5,0,6,1,5,0
2020,Texas Tech,Big 12,,3.7,10,4,6,0,9,3,6,0,6,4,2,0,4,0,4,0
2020,Toledo,Mid-American,West,4,6,4,2,0,6,4,2,0,3,2,1,0,3,2,1,0
2020,Troy,Sun Belt,East,5.4,11,5,6,0,7,3,4,0,5,2,3,0,6,3,3,0
2020,Tulane,American Athletic,West,5.6,12,6,6,0,8,3,5,0,5,3,2,0,6,3,3,0
2020,Tulsa,American Athletic,West,6.2,9,6,3,0,7,6,1,0,3,3,0,0,5,3,2,0
2020,UAB,Conference USA,West,7.4,9,6,3,0,5,4,1,0,4,3,1,0,5,3,2,0
2020,UCF,American Athletic,East,6.4,10,6,4,0,8,5,3,0,4,2,2,0,5,4,1,0
2020,UCLA,Pac-12,South,5.3,7,3,4,0,7,3,4,0,4,2,2,0,3,1,2,0
2020,UMass,FBS Independents,,0,4,0,4,0,0,0,0,0,0,0,0,0,4,0,4,0
2020,UNLV,Mountain West,West,0.6,6,0,6,0,6,0,6,0,3,0,3,0,3,0,3,0
2020,USC,Pac-12,South,2.7,6,5,1,0,6,5,1,0,3,2,1,0,3,3,0,0
2020,Utah,Pac-12,South,3.7,5,3,2,0,5,3,2,0,3,2,1,0,2,1,1,0
2020,Utah State,Mountain West,Mountain,1,6,1,5,0,6,1,5,0,4,1,3,0,2,0,2,0
2020,UTEP,Conference USA,West,4,8,3,5,0,4,0,4,0,3,2,1,0,5,1,4,0
2020,UT San Antonio,Conference USA,West,6.3,12,7,5,0,6,4,2,0,6,5,1,0,5,2,3,0
2020,Vanderbilt,SEC,East,1.1,9,0,9,0,9,0,9,0,5,0,5,0,4,0,4,0
2020,Virginia,ACC,Coastal,4.3,10,5,5,0,9,4,5,0,6,5,1,0,4,0,4,0
2020,Virginia Tech,ACC,Coastal,6.8,11,5,6,0,10,5,5,0,6,3,3,0,5,2,3,0
2020,Wake Forest,ACC,Atlantic,4.7,9,4,5,0,7,3,4,0,4,3,1,0,4,1,3,0
2020,Washington,Pac-12,North,2.6,4,3,1,0,4,3,1,0,4,3,1,0,0,0,0,0
2020,Washington State,Pac-12,North,0.7,4,1,3,0,4,1,3,0,1,0,1,0,3,1,2,0
2020,Western Kentucky,Conference USA,East,4.5,12,5,7,0,7,4,3,0,5,3,2,0,6,2,4,0
2020,Western Michigan,Mid-American,West,4.6,6,4,2,0,6,4,2,0,3,2,1,0,3,2,1,0
2020,West Virginia,Big 12,,5.2,10,6,4,0,8,4,4,0,5,5,0,0,4,0,4,0
2020,Wisconsin,Big Ten,West,4.8,7,4,3,0,6,3,3,0,3,2,1,0,3,1,2,0
2020,Wyoming,Mountain West,Mountain,3.1,6,2,4,0,6,2,4,0,2,1,1,0,4,1,3,0
2019,Air Force,Mountain West,Mountain,10.9,13,11,2,0,8,7,1,0,6,6,0,0,6,4,2,0
2019,Akron,Mid-American,East,1.4,12,0,12,0,8,0,8,0,6,0,6,0,6,0,6,0
2019,Alabama,SEC,West,11.4,13,11,2,0,8,6,2,0,7,6,1,0,4,3,1,0
2019,Appalachian State,Sun Belt,West,10.6,14,13,1,0,9,8,1,0,7,6,1,0,6,6,0,0
2019,Arizona,Pac-12,South,4,12,4,8,0,9,2,7,0,6,3,3,0,6,1,5,0
2019,Arizona State,Pac-12,South,5.1,13,8,5,0,9,4,5,0,7,5,2,0,5,2,3,0
2019,Arkansas,SEC,West,2.3,12,2,10,0,8,0,8,0,7,2,5,0,4,0,4,0
2019,Arkansas State,Sun Belt,East,6.7,13,8,5,0,8,5,3,0,6,4,2,0,6,3,3,0
2019,Army,FBS Independents,,6.2,13,5,8,0,0,0,0,0,6,4,2,0,6,1,5,0
2019,Auburn,SEC,West,9.2,13,9,4,0,8,5,3,0,7,6,1,0,4,2,2,0
2019,Ball State,Mid-American,West,5.1,12,5,7,0,8,4,4,0,6,3,3,0,5,2,3,0
2019,Baylor,Big 12,,9.9,14,11,3,0,10,8,2,0,7,6,1,0,5,5,0,0
2019,Boise State,Mountain West,Mountain,10.1,14,12,2,0,9,9,0,0,7,7,0,0,6,5,1,0
2019,Boston College,ACC,Atlantic,6.7,13,6,7,0,8,4,4,0,6,3,3,0,6,3,3,0
2019,Bowling Green,Mid-American,East,2.8,12,3,9,0,8,2,6,0,6,3,3,0,6,0,6,0
2019,Buffalo,Mid-American,East,9.4,13,8,5,0,8,5,3,0,6,5,1,0,6,2,4,0
2019,BYU,FBS Independents,,5.8,13,7,6,0,0,0,0,0,6,4,2,0,6,3,3,0
2019,California,Pac-12,North,7.8,13,8,5,0,9,4,5,0,6,3,3,0,6,4,2,0
2019,Central Michigan,Mid-American,West,8.1,14,8,6,0,9,6,3,0,6,6,0,0,6,2,4,0
2019,Charlotte,Conference USA,East,7.5,13,7,6,0,8,5,3,0,6,5,1,0,6,2,4,0
2019,Cincinnati,American Athletic,East,9.1,14,11,3,0,9,7,2,0,6,6,0,0,7,4,3,0
2019,Clemson,ACC,Atlantic,12.8,15,14,1,0,9,9,0,0,7,7,0,0,5,5,0,0
2019,Coastal Carolina,Sun Belt,West,5.2,12,5,7,0,8,2,6,0,6,3,3,0,6,2,4,0
2019,Colorado,Pac-12,South,4.7,12,5,7,0,9,3,6,0,6,3,3,0,5,1,4,0
2019,Colorado State,Mountain West,Mountain,5.3,12,4,8,0,8,3,5,0,6,2,4,0,5,2,3,0
2019,Connecticut,American Athletic,East,2.7,12,2,10,0,8,0,8,0,6,1,5,0,6,1,5,0
2019,Duke,ACC,Coastal,5.1,12,5,7,0,8,3,5,0,6,3,3,0,5,2,3,0
2019,East Carolina,American Athletic,East,3.5,12,4,8,0,8,1,7,0,6,2,4,0,6,2,4,0
2019,Eastern Michigan,Mid-American,West,6,13,6,7,0,8,3,5,0,5,2,3,0,7,4,3,0
2019,Florida,SEC,East,10.8,13,11,2,0,8,6,2,0,6,6,0,0,4,3,1,0
2019,Florida Atlantic,Conference USA,East,11.2,14,11,3,0,9,8,1,0,8,6,2,0,6,5,1,0
2019,Florida International,Conference USA,East,7.7,13,6,7,0,8,3,5,0,7,6,1,0,5,0,5,0
2019,Florida State,ACC,Atlantic,7,13,6,7,0,8,4,4,0,7,5,2,0,5,1,4,0
2019,Fresno State,Mountain West,West,6.4,12,4,8,0,8,2,6,0,6,2,4,0,6,2,4,0
2019,Georgia,SEC,East,11.5,14,12,2,0,9,7,2,0,7,6,1,0,4,4,0,0
2019,Georgia Southern,Sun Belt,West,6,13,7,6,0,8,5,3,0,6,5,1,0,6,2,4,0
2019,Georgia State,Sun Belt,West,6.4,13,7,6,0,8,4,4,0,6,5,1,0,6,2,4,0
2019,Georgia Tech,ACC,Coastal,2,12,3,9,0,8,2,6,0,7,2,5,0,5,1,4,0
2019,Hawai'i,Mountain West,West,8.2,15,10,5,0,9,5,4,0,8,6,2,0,6,3,3,0
2019,Houston,American Athletic,West,3.4,12,4,8,0,8,2,6,0,5,1,4,0,6,3,3,0
2019,Illinois,Big Ten,West,5.4,13,6,7,0,9,4,5,0,7,3,4,0,5,3,2,0
2019,Indiana,Big Ten,East,8.1,13,8,5,0,9,5,4,0,6,4,2,0,5,3,2,0
2019,Iowa,Big Ten,West,7.7,13,10,3,0,9,6,3,0,7,6,1,0,5,3,2,0
2019,Iowa State,Big 12,,9.4,13,7,6,0,9,5,4,0,7,5,2,0,5,2,3,0
2019,Kansas,Big 12,,3.9,12,3,9,0,9,1,8,0,7,2,5,0,5,1,4,0
2019,Kansas State,Big 12,,6.4,13,8,5,0,9,5,4,0,7,5,2,0,5,3,2,0
2019,Kent State,Mid-American,East,5.5,13,7,6,0,8,5,3,0,5,4,1,0,7,2,5,0
2019,Kentucky,SEC,East,8.1,13,8,5,0,8,3,5,0,8,6,2,0,4,1,3,0
2019,Liberty,FBS Independents,,8.3,13,8,5,0,0,0,0,0,6,5,1,0,6,2,4,0
2019,Louisiana,Sun Belt,East,10.8,14,11,3,0,9,7,2,0,6,5,1,0,6,5,1,0
2019,Louisiana Monroe,Sun Belt,East,5.7,12,5,7,0,8,4,4,0,6,4,2,0,6,1,5,0
2019,Louisiana Tech,Conference USA,West,8.4,13,10,3,0,8,6,2,0,6,6,0,0,6,3,3,0
2019,Louisville,ACC,Atlantic,7.1,13,8,5,0,8,5,3,0,6,4,2,0,5,2,3,0
2019,LSU,SEC,West,14.6,15,15,0,0,9,9,0,0,7,7,0,0,5,5,0,0
2019,Marshall,Conference USA,East,6.3,13,8,5,0,8,6,2,0,7,6,1,0,5,2,3,0
2019,Maryland,Big Ten,East,3.3,12,3,9,0,9,1,8,0,6,2,4,0,6,1,5,0
2019,Memphis,American Athletic,West,9.8,14,12,2,0,9,8,1,0,7,7,0,0,6,5,1,0
2019,Miami,ACC,Coastal,7.9,13,6,7,0,8,4,4,0,6,4,2,0,5,2,3,0
2019,Miami (OH),Mid-American,East,5.8,14,8,6,0,9,7,2,0,5,5,0,0,7,2,5,0
2019,Michigan,Big Ten,East,9.2,13,9,4,0,9,6,3,0,7,6,1,0,5,3,2,0
2019,Michigan State,Big Ten,East,8.3,13,7,6,0,9,4,5,0,7,4,3,0,5,2,3,0
2019,Middle Tennessee,Conference USA,East,5.4,12,4,8,0,8,3,5,0,6,4,2,0,6,0,6,0
2019,Minnesota,Big Ten,West,10.2,13,11,2,0,9,7,2,0,7,6,1,0,5,4,1,0
2019,Mississippi State,SEC,West,6.3,13,6,7,0,8,3,5,0,7,4,3,0,4,1,3,0
2019,Missouri,SEC,East,7.1,12,6,6,0,8,3,5,0,7,5,2,0,5,1,4,0
2019,Navy,American Athletic,West,11.1,13,11,2,0,8,7,1,0,6,6,0,0,5,3,2,0
2019,NC State,ACC,Atlantic,4.2,12,4,8,0,8,1,7,0,7,4,3,0,5,0,5,0
2019,Nebraska,Big Ten,West,6.2,12,5,7,0,9,3,6,0,7,3,4,0,5,2,3,0
2019,Nevada,Mountain West,West,6.3,13,7,6,0,8,4,4,0,6,4,2,0,6,3,3,0
2019,New Mexico,Mountain West,Mountain,1.9,12,2,10,0,8,0,8,0,6,2,4,0,6,0,6,0
2019,New Mexico State,FBS Independents,,3.1,12,2,10,0,0,0,0,0,5,2,3,0,7,0,7,0
2019,North Carolina,ACC,Coastal,8.2,13,7,6,0,8,4,4,0,6,3,3,0,5,2,3,0
2019,Northern Illinois,Mid-American,West,5.5,12,5,7,0,8,4,4,0,5,3,2,0,7,2,5,0
2019,North Texas,Conference USA,West,4,12,4,8,0,8,3,5,0,6,4,2,0,6,0,6,0
2019,Northwestern,Big Ten,West,4.7,12,3,9,0,9,1,8,0,7,2,5,0,5,1,4,0
2019,Notre Dame,FBS Independents,,9.8,13,11,2,0,0,0,0,0,7,7,0,0,5,3,2,0
2019,Ohio,Mid-American,East,7.7,13,7,6,0,8,5,3,0,6,2,4,0,6,4,2,0
2019,Ohio State,Big Ten,East,13.3,14,13,1,0,10,10,0,0,7,7,0,0,5,5,0,0
2019,Oklahoma,Big 12,,11.5,14,12,2,0,10,9,1,0,6,6,0,0,5,4,1,0
2019,Oklahoma State,Big 12,,6.2,13,8,5,0,9,5,4,0,6,4,2,0,6,4,2,0
2019,Old Dominion,Conference USA,East,2.2,12,1,11,0,8,0,8,0,6,1,5,0,6,0,6,0
2019,Ole Miss,SEC,West,5.1,12,4,8,0,8,2,6,0,7,4,3,0,5,0,5,0
2019,Oregon,Pac-12,North,11.3,14,12,2,0,10,9,1,0,7,7,0,0,4,3,1,0
2019,Oregon State,Pac-12,North,5.4,12,5,7,0,9,4,5,0,6,2,4,0,6,3,3,0
2019,Penn State,Big Ten,East,9.9,13,11,2,0,9,7,2,0,7,7,0,0,5,3,2,0
2019,Pittsburgh,ACC,Coastal,7.3,13,8,5,0,8,4,4,0,7,4,3,0,5,3,2,0
2019,Purdue,Big Ten,West,4.4,12,4,8,0,9,3,6,0,7,3,4,0,5,1,4,0
2019,Rice,Conference USA,West,4,12,3,9,0,8,3,5,0,6,1,5,0,5,2,3,0
2019,Rutgers,Big Ten,East,1.7,12,2,10,0,9,0,9,0,7,2,5,0,5,0,5,0
2019,San Diego State,Mountain West,West,8.6,13,10,3,0,8,5,3,0,6,4,2,0,6,5,1,0
2019,San José State,Mountain West,West,5.3,12,5,7,0,8,2,6,0,6,3,3,0,6,2,4,0
2019,SMU,American Athletic,West,8.7,13,10,3,0,8,6,2,0,6,6,0,0,7,4,3,0
2019,South Alabama,Sun Belt,East,2.9,12,2,10,0,8,1,7,0,6,2,4,0,6,0,6,0
2019,South Carolina,SEC,East,4.3,12,4,8,0,8,3,5,0,7,3,4,0,4,1,3,0
2019,Southern Mississippi,Conference USA,West,6.7,13,7,6,0,8,5,3,0,5,4,1,0,7,3,4,0
2019,South Florida,American Athletic,East,5.1,12,4,8,0,8,2,6,0,7,2,5,0,5,2,3,0
2019,Stanford,Pac-12,North,4.2,12,4,8,0,9,3,6,0,7,3,4,0,5,1,4,0
2019,Syracuse,ACC,Atlantic,4.4,12,5,7,0,8,2,6,0,6,3,3,0,6,2,4,0
2019,TCU,Big 12,,6.6,12,5,7,0,9,3,6,0,6,3,3,0,6,2,4,0
2019,Temple,American Athletic,East,8.1,13,8,5,0,8,5,3,0,7,6,1,0,5,2,3,0
2019,Tennessee,SEC,East,7.6,13,8,5,0,8,5,3,0,8,5,3,0,4,2,2,0
2019,Texas,Big 12,,7.7,13,8,5,0,9,5,4,0,6,5,1,0,4,1,3,0
2019,Texas A&M,SEC,West,8,13,8,5,0,8,4,4,0,7,5,2,0,4,1,3,0
2019,Texas State,Sun Belt,East,2.8,12,3,9,0,8,2,6,0,6,3,3,0,6,0,6,0
2019,Texas Tech,Big 12,,6.5,12,4,8,0,9,2,7,0,6,3,3,0,6,1,5,0
2019,Toledo,Mid-American,West,5.8,12,6,6,0,8,3,5,0,6,5,1,0,6,1,5,0
2019,Troy,Sun Belt,East,6.5,12,5,7,0,8,3,5,0,6,3,3,0,6,2,4,0
2019,Tulane,American Athletic,West,7.3,13,7,6,0,8,3,5,0,6,5,1,0,6,1,5,0
2019,Tulsa,American Athletic,West,6,12,4,8,0,8,2,6,0,6,2,4,0,6,2,4,0
2019,UAB,Conference USA,West,9.1,14,9,5,0,9,6,3,0,6,6,0,0,7,3,4,0
2019,UCF,American Athletic,East,9.6,13,10,3,0,8,6,2,0,6,6,0,0,6,3,3,0
2019,UCLA,Pac-12,South,3.6,12,4,8,0,9,4,5,0,6,2,4,0,6,2,4,0
2019,UMass,FBS Independents,,1,12,1,11,0,0,0,0,0,6,1,5,0,6,0,6,0
2019,UNLV,Mountain West,West,4.8,12,4,8,0,8,2,6,0,6,2,4,0,6,2,4,0
2019,USC,Pac-12,South,7.8,13,8,5,0,9,7,2,0,6,5,1,0,6,3,3,0
2019,Utah,Pac-12,South,11.2,14,11,3,0,10,8,2,0,7,7,0,0,5,4,1,0
2019,Utah State,Mountain West,Mountain,5.7,13,7,6,0,8,6,2,0,6,4,2,0,6,3,3,0
2019,UTEP,Conference USA,West,1.7,12,1,11,0,8,0,8,0,6,1,5,0,6,0,6,0
2019,UT San Antonio,Conference USA,West,3.6,12,4,8,0,8,3,5,0,6,2,4,0,6,2,4,0
2019,Vanderbilt,SEC,East,2.5,12,3,9,0,8,1,7,0,7,3,4,0,5,0,5,0
2019,Virginia,ACC,Coastal,8.4,14,9,5,0,9,6,3,0,7,7,0,0,5,2,3,0
2019,Virginia Tech,ACC,Coastal,8.6,13,8,5,0,8,5,3,0,7,6,1,0,5,2,3,0
2019,Wake Forest,ACC,Atlantic,8.4,13,8,5,0,8,4,4,0,7,6,1,0,5,2,3,0
2019,Washington,Pac-12,North,8,13,8,5,0,9,4,5,0,7,4,3,0,5,3,2,0
2019,Washington State,Pac-12,North,8,13,6,7,0,9,3,6,0,6,5,1,0,5,0,5,0
2019,Western Kentucky,Conference USA,East,8.4,13,9,4,0,8,6,2,0,6,4,2,0,5,4,1,0
2019,Western Michigan,Mid-American,West,6.6,13,7,6,0,8,5,3,0,6,6,0,0,6,1,5,0
2019,West Virginia,Big 12,,3.8,12,5,7,0,9,3,6,0,6,2,4,0,6,3,3,0
2019,Wisconsin,Big Ten,West,11.1,14,10,4,0,10,7,3,0,7,7,0,0,5,3,2,0
2019,Wyoming,Mountain West,Mountain,7.2,13,8,5,0,8,4,4,0,6,6,0,0,6,1,5,0
2018,Air Force,Mountain West,Mountain,6.4,12,5,7,0,8,3,5,0,6,4,2,0,6,1,5,0
2018,Akron,Mid-American,East,2.9,12,4,8,0,8,2,6,0,5,2,3,0,7,2,5,0
2018,Alabama,SEC,West,13.5,15,14,1,0,9,9,0,0,7,7,0,0,4,4,0,0
2018,Appalachian State,Sun Belt,West,10.9,13,11,2,0,9,8,1,0,6,6,0,0,6,4,2,0
2018,Arizona,Pac-12,South,6.4,12,5,7,0,9,4,5,0,7,4,3,0,5,1,4,0
2018,Arizona State,Pac-12,South,5.6,13,7,6,0,9,5,4,0,6,5,1,0,6,2,4,0
2018,Arkansas,SEC,West,3.2,12,2,10,0,8,0,8,0,7,2,5,0,4,0,4,0
2018,Arkansas State,Sun Belt,East,8.7,13,8,5,0,8,5,3,0,6,5,1,0,6,3,3,0
2018,Army,FBS Independents,,9.6,13,11,2,0,0,0,0,0,6,6,0,0,4,2,2,0
2018,Auburn,SEC,West,8.6,13,8,5,0,8,3,5,0,7,5,2,0,4,1,3,0
2018,Ball State,Mid-American,West,3.9,12,4,8,0,8,3,5,0,6,3,3,0,6,1,5,0
2018,Baylor,Big 12,,6.9,13,7,6,0,9,4,5,0,6,4,2,0,5,1,4,0
2018,Boise State,Mountain West,Mountain,8.8,13,10,3,0,9,7,2,0,7,5,2,0,6,5,1,0
2018,Boston College,ACC,Atlantic,7.5,12,7,5,0,8,4,4,0,7,5,2,0,5,2,3,0
2018,Bowling Green,Mid-American,East,2.8,12,3,9,0,8,2,6,0,6,1,5,0,6,2,4,0
2018,Buffalo,Mid-American,East,10.9,14,10,4,0,9,7,2,0,6,5,1,0,6,5,1,0
2018,BYU,FBS Independents,,8.3,13,7,6,0,0,0,0,0,6,3,3,0,6,3,3,0
2018,California,Pac-12,North,6.3,13,7,6,0,9,4,5,0,7,4,3,0,5,3,2,0
2018,Central Michigan,Mid-American,West,1.8,12,1,11,0,8,0,8,0,6,1,5,0,6,0,6,0
2018,Charlotte,Conference USA,East,5.7,12,5,7,0,8,4,4,0,6,4,2,0,6,1,5,0
2018,Cincinnati,American Athletic,East,10.3,13,11,2,0,8,6,2,0,6,6,0,0,6,4,2,0
2018,Clemson,ACC,Atlantic,13.9,15,15,0,0,9,9,0,0,7,7,0,0,5,5,0,0
2018,Coastal Carolina,Sun Belt,West,4.7,12,5,7,0,8,2,6,0,5,1,4,0,7,4,3,0
2018,Colorado,Pac-12,South,5.3,12,5,7,0,9,2,7,0,6,3,3,0,5,1,4,0
2018,Colorado State,Mountain West,Mountain,3.1,12,3,9,0,8,2,6,0,6,2,4,0,5,1,4,0
2018,Connecticut,American Athletic,East,1.1,12,1,11,0,8,0,8,0,6,1,5,0,6,0,6,0
2018,Duke,ACC,Coastal,7.4,13,8,5,0,8,3,5,0,6,3,3,0,6,4,2,0
2018,East Carolina,American Athletic,East,4.7,12,3,9,0,8,1,7,0,7,3,4,0,5,0,5,0
2018,Eastern Michigan,Mid-American,West,7.8,13,7,6,0,8,5,3,0,6,4,2,0,6,3,3,0
2018,Florida,SEC,East,9.6,13,10,3,0,8,5,3,0,7,5,2,0,4,4,0,0
2018,Florida Atlantic,Conference USA,East,6,12,5,7,0,8,3,5,0,6,4,2,0,6,1,5,0
2018,Florida International,Conference USA,East,9.4,13,9,4,0,8,6,2,0,7,4,3,0,5,4,1,0
2018,Florida State,ACC,Atlantic,4,12,5,7,0,8,3,5,0,7,4,3,0,5,1,4,0
2018,Fresno State,Mountain West,West,11.9,14,12,2,0,9,8,1,0,6,6,0,0,7,5,2,0
2018,Georgia,SEC,East,11.6,14,11,3,0,9,7,2,0,7,7,0,0,4,3,1,0
2018,Georgia Southern,Sun Belt,West,8.4,13,10,3,0,8,6,2,0,6,5,1,0,6,4,2,0
2018,Georgia State,Sun Belt,West,2.3,12,2,10,0,8,1,7,0,6,2,4,0,6,0,6,0
2018,Georgia Tech,ACC,Coastal,6.8,13,7,6,0,8,5,3,0,6,4,2,0,6,3,3,0
2018,Hawai'i,Mountain West,West,7.4,14,8,6,0,8,5,3,0,7,5,2,0,6,3,3,0
2018,Houston,American Athletic,West,7.9,13,8,5,0,8,5,3,0,6,5,1,0,6,3,3,0
2018,Illinois,Big Ten,West,4.1,12,4,8,0,9,2,7,0,6,3,3,0,5,1,4,0
2018,Indiana,Big Ten,East,5,12,5,7,0,9,2,7,0,7,3,4,0,5,2,3,0
2018,Iowa,Big Ten,West,8.6,13,9,4,0,9,5,4,0,7,5,2,0,5,3,2,0
2018,Iowa State,Big 12,,8.4,13,8,5,0,9,6,3,0,7,6,1,0,5,2,3,0
2018,Kansas,Big 12,,2.8,12,3,9,0,9,1,8,0,6,2,4,0,6,1,5,0
2018,Kansas State,Big 12,,5.6,12,5,7,0,9,3,6,0,7,5,2,0,5,0,5,0
2018,Kent State,Mid-American,East,3.3,12,2,10,0,8,1,7,0,5,1,4,0,7,1,6,0
2018,Kentucky,SEC,East,7.6,13,9,4,0,8,4,4,0,7,6,1,0,5,2,3,0
2018,Liberty,FBS Independents,,5,12,6,6,0,0,0,0,0,6,5,1,0,6,1,5,0
2018,Louisiana,Sun Belt,East,5.5,14,7,7,0,9,5,4,0,6,5,1,0,7,2,5,0
2018,Louisiana Monroe,Sun Belt,East,5.9,12,6,6,0,8,4,4,0,5,3,2,0,7,3,4,0
2018,Louisiana Tech,Conference USA,West,7,13,8,5,0,8,5,3,0,5,3,2,0,7,4,3,0
2018,Louisville,ACC,Atlantic,2.2,12,2,10,0,8,0,8,0,7,2,5,0,4,0,4,0
2018,LSU,SEC,West,9.8,13,10,3,0,8,5,3,0,7,6,1,0,4,2,2,0
2018,Marshall,Conference USA,East,8.5,13,9,4,0,8,6,2,0,6,4,2,0,7,5,2,0
2018,Maryland,Big Ten,East,6,12,5,7,0,9,3,6,0,6,3,3,0,5,1,4,0
2018,Memphis,American Athletic,West,9.1,14,8,6,0,9,5,4,0,7,6,1,0,6,2,4,0
2018,Miami,ACC,Coastal,8.2,13,7,6,0,8,4,4,0,6,5,1,0,5,2,3,0
2018,Miami (OH),Mid-American,East,6.1,12,6,6,0,8,6,2,0,6,3,3,0,6,3,3,0
2018,Michigan,Big Ten,East,9.6,13,10,3,0,9,8,1,0,7,7,0,0,5,3,2,0
2018,Michigan State,Big Ten,East,7.2,13,7,6,0,9,5,4,0,7,4,3,0,5,3,2,0
2018,Middle Tennessee,Conference USA,East,6.8,14,8,6,0,9,7,2,0,6,5,1,0,7,3,4,0
2018,Minnesota,Big Ten,West,7.1,13,7,6,0,9,3,6,0,7,5,2,0,5,1,4,0
2018,Mississippi State,SEC,West,8.7,13,8,5,0,8,4,4,0,7,6,1,0,5,2,3,0
2018,Missouri,SEC,East,9.7,13,9,4,0,8,5,3,0,7,6,1,0,5,3,2,0
2018,Navy,American Athletic,West,4.1,13,3,10,0,8,2,6,0,5,3,2,0,6,0,6,0
2018,NC State,ACC,Atlantic,8.7,13,9,4,0,8,5,3,0,7,6,1,0,5,3,2,0
2018,Nebraska,Big Ten,West,6.8,12,4,8,0,9,3,6,0,7,4,3,0,5,0,5,0
2018,Nevada,Mountain West,West,6.5,13,8,5,0,8,5,3,0,6,4,2,0,6,3,3,0
2018,New Mexico,Mountain West,Mountain,3.8,12,3,9,0,8,1,7,0,6,1,5,0,6,2,4,0
2018,New Mexico State,FBS Independents,,2.3,12,3,9,0,0,0,0,0,5,2,3,0,7,1,6,0
2018,North Carolina,ACC,Coastal,3.6,11,2,9,0,8,1,7,0,5,2,3,0,6,0,6,0
2018,Northern Illinois,Mid-American,West,6.5,14,8,6,0,9,7,2,0,5,3,2,0,7,4,3,0
2018,North Texas,Conference USA,West,9.2,13,9,4,0,8,5,3,0,6,5,1,0,6,4,2,0
2018,Northwestern,Big Ten,West,8.3,14,9,5,0,10,8,2,0,7,3,4,0,5,5,0,0
2018,Notre Dame,FBS Independents,,10.5,13,12,1,0,0,0,0,0,6,6,0,0,4,4,0,0
2018,Ohio,Mid-American,East,8.7,13,9,4,0,8,6,2,0,6,6,0,0,6,2,4,0
2018,Ohio State,Big Ten,East,10.3,14,13,1,0,10,9,1,0,7,7,0,0,4,3,1,0
2018,Oklahoma,Big 12,,11.5,14,12,2,0,10,9,1,0,7,7,0,0,4,4,0,0
2018,Oklahoma State,Big 12,,8.5,13,7,6,0,9,3,6,0,7,5,2,0,5,1,4,0
2018,Old Dominion,Conference USA,East,4.4,12,4,8,0,8,2,6,0,6,3,3,0,6,1,5,0
2018,Ole Miss,SEC,West,6.5,12,5,7,0,8,1,7,0,7,3,4,0,4,1,3,0
2018,Oregon,Pac-12,North,7.5,13,9,4,0,9,5,4,0,7,6,1,0,5,2,3,0
2018,Oregon State,Pac-12,North,2.7,12,2,10,0,9,1,8,0,6,1,5,0,6,1,5,0
2018,Penn State,Big Ten,East,10.6,13,9,4,0,9,6,3,0,7,5,2,0,5,4,1,0
2018,Pittsburgh,ACC,Coastal,6.4,14,7,7,0,9,6,3,0,6,5,1,0,6,2,4,0
2018,Purdue,Big Ten,West,6.8,13,6,7,0,9,5,4,0,7,3,4,0,5,3,2,0
2018,Rice,Conference USA,West,1.4,13,2,11,0,8,1,7,0,6,2,4,0,7,0,7,0
2018,Rutgers,Big Ten,East,1.2,12,1,11,0,9,0,9,0,7,1,6,0,5,0,5,0
2018,San Diego State,Mountain West,West,7.1,13,7,6,0,8,4,4,0,7,5,2,0,5,2,3,0
2018,San José State,Mountain West,West,1.7,12,1,11,0,8,1,7,0,5,1,4,0,6,0,6,0
2018,SMU,American Athletic,West,3.7,12,5,7,0,8,4,4,0,6,3,3,0,6,2,4,0
2018,South Alabama,Sun Belt,East,2.9,12,3,9,0,8,2,6,0,6,3,3,0,6,0,6,0
2018,South Carolina,SEC,East,5.6,13,7,6,0,8,4,4,0,7,5,2,0,5,2,3,0
2018,Southern Mississippi,Conference USA,West,5.6,11,6,5,0,8,5,3,0,6,5,1,0,5,1,4,0
2018,South Florida,American Athletic,East,5.3,13,7,6,0,8,3,5,0,7,4,3,0,5,2,3,0
2018,Stanford,Pac-12,North,7.4,13,9,4,0,9,6,3,0,6,4,2,0,6,4,2,0
2018,Syracuse,ACC,Atlantic,10.5,13,10,3,0,8,6,2,0,6,6,0,0,5,3,2,0
2018,TCU,Big 12,,5.6,13,7,6,0,9,4,5,0,6,4,2,0,5,2,3,0
2018,Temple,American Athletic,East,7.2,13,8,5,0,8,7,1,0,6,4,2,0,6,4,2,0
2018,Tennessee,SEC,East,4.4,12,5,7,0,8,2,6,0,7,4,3,0,4,1,3,0
2018,Texas,Big 12,,9.3,14,10,4,0,10,7,3,0,6,5,1,0,4,3,1,0
2018,Texas A&M,SEC,West,9.2,13,9,4,0,8,5,3,0,7,6,1,0,4,1,3,0
2018,Texas State,Sun Belt,East,5,12,3,9,0,8,1,7,0,6,2,4,0,6,1,5,0
2018,Texas Tech,Big 12,,4.8,12,5,7,0,9,3,6,0,6,3,3,0,4,2,2,0
2018,Toledo,Mid-American,West,7,13,7,6,0,8,5,3,0,7,5,2,0,5,2,3,0
2018,Troy,Sun Belt,East,8.6,13,10,3,0,8,7,1,0,6,5,1,0,6,4,2,0
2018,Tulane,American Athletic,West,7.4,13,7,6,0,8,5,3,0,6,4,2,0,6,2,4,0
2018,Tulsa,American Athletic,West,3.6,12,3,9,0,8,2,6,0,6,3,3,0,6,0,6,0
2018,UAB,Conference USA,West,10.3,14,11,3,0,9,8,1,0,5,5,0,0,7,4,3,0
2018,UCF,American Athletic,East,10.8,13,12,1,0,9,9,0,0,8,8,0,0,4,4,0,0
2018,UCLA,Pac-12,South,4,12,3,9,0,9,3,6,0,7,2,5,0,5,1,4,0
2018,UMass,FBS Independents,,4.5,12,4,8,0,0,0,0,0,6,3,3,0,6,1,5,0
2018,UNLV,Mountain West,West,3.7,12,4,8,0,8,2,6,0,6,3,3,0,6,1,5,0
2018,USC,Pac-12,South,6.4,12,5,7,0,9,4,5,0,6,3,3,0,6,2,4,0
2018,Utah,Pac-12,South,9.2,14,9,5,0,10,6,4,0,6,5,1,0,6,4,2,0
2018,Utah State,Mountain West,Mountain,10.1,13,11,2,0,8,7,1,0,6,6,0,0,6,4,2,0
2018,UTEP,Conference USA,West,2.6,12,1,11,0,8,1,7,0,6,0,6,0,6,1,5,0
2018,UT San Antonio,Conference USA,West,2.6,12,3,9,0,8,2,6,0,6,2,4,0,6,1,5,0
2018,Vanderbilt,SEC,East,5.6,13,6,7,0,8,3,5,0,7,5,2,0,5,1,4,0
2018,Virginia,ACC,Coastal,9.4,13,8,5,0,8,4,4,0,7,6,1,0,5,1,4,0
2018,Virginia Tech,ACC,Coastal,4.6,13,6,7,0,8,4,4,0,7,3,4,0,5,3,2,0
2018,Wake Forest,ACC,Atlantic,6.6,13,7,6,0,8,3,5,0,7,2,5,0,5,4,1,0
2018,Washington,Pac-12,North,11.2,14,10,4,0,10,8,2,0,6,6,0,0,5,3,2,0
2018,Washington State,Pac-12,North,9.9,13,11,2,0,9,7,2,0,7,6,1,0,5,4,1,0
2018,Western Kentucky,Conference USA,East,4.2,12,3,9,0,8,2,6,0,5,1,4,0,7,2,5,0
2018,Western Michigan,Mid-American,West,7.5,13,7,6,0,8,5,3,0,6,3,3,0,6,4,2,0
2018,West Virginia,Big 12,,7.4,12,8,4,0,9,6,3,0,6,5,1,0,4,2,2,0
2018,Wisconsin,Big Ten,West,8.1,13,8,5,0,9,5,4,0,7,5,2,0,5,2,3,0
2018,Wyoming,Mountain West,Mountain,6.2,12,6,6,0,8,4,4,0,6,3,3,0,6,3,3,0
2017,Air Force,Mountain West,Mountain,4.4,12,5,7,0,8,4,4,0,6,3,3,0,6,2,4,0
2017,Akron,Mid-American,East,5.3,14,7,7,0,9,6,3,0,6,5,1,0,7,2,5,0
2017,Alabama,SEC,West,12.8,14,13,1,0,9,8,1,0,7,7,0,0,4,3,1,0
2017,Appalachian State,Sun Belt,West,9.4,13,9,4,0,8,7,1,0,6,5,1,0,6,3,3,0
2017,Arizona,Pac-12,South,7.2,13,7,6,0,9,5,4,0,6,4,2,0,6,3,3,0
2017,Arizona State,Pac-12,South,7.7,13,7,6,0,9,6,3,0,7,5,2,0,5,2,3,0
2017,Arkansas,SEC,West,4.8,12,4,8,0,8,1,7,0,6,2,4,0,4,1,3,0
2017,Arkansas State,Sun Belt,East,9.4,12,7,5,0,8,6,2,0,5,4,1,0,6,3,3,0
2017,Army,FBS Independents,,9.6,13,10,3,0,0,0,0,0,6,6,0,0,5,2,3,0
2017,Auburn,SEC,West,9.7,14,10,4,0,9,7,2,0,7,7,0,0,5,3,2,0
2017,Ball State,Mid-American,West,2.4,12,2,10,0,8,0,8,0,6,2,4,0,6,0,6,0
2017,Baylor,Big 12,,3,12,1,11,0,9,1,8,0,6,0,6,0,5,1,4,0
2017,Boise State,Mountain West,Mountain,10.9,14,11,3,0,9,8,1,0,7,6,1,0,6,4,2,0
2017,Boston College,ACC,Atlantic,6.9,13,7,6,0,8,4,4,0,6,2,4,0,5,4,1,0
2017,Bowling Green,Mid-American,East,2.5,12,2,10,0,8,2,6,0,5,0,5,0,7,2,5,0
2017,Buffalo,Mid-American,East,6.9,12,6,6,0,8,4,4,0,6,4,2,0,6,2,4,0
2017,BYU,FBS Independents,,4.1,13,4,9,0,0,0,0,0,6,2,4,0,6,2,4,0
2017,California,Pac-12,North,5.4,12,5,7,0,9,2,7,0,6,4,2,0,6,1,5,0
2017,Central Michigan,Mid-American,West,6.7,13,8,5,0,8,6,2,0,5,3,2,0,7,5,2,0
2017,Charlotte,Conference USA,East,0.5,12,1,11,0,8,1,7,0,6,1,5,0,6,0,6,0
2017,Cincinnati,American Athletic,East,4,12,4,8,0,8,2,6,0,6,2,4,0,6,2,4,0
2017,Clemson,ACC,Atlantic,11.5,14,12,2,0,9,8,1,0,7,7,0,0,5,4,1,0
2017,Coastal Carolina,Sun Belt,West,3.7,12,3,9,0,8,2,6,0,6,2,4,0,6,1,5,0
2017,Colorado,Pac-12,South,4.9,12,5,7,0,9,2,7,0,6,3,3,0,5,1,4,0
2017,Colorado State,Mountain West,Mountain,7.3,13,7,6,0,8,5,3,0,6,4,2,0,5,3,2,0
2017,Connecticut,American Athletic,East,2.5,12,3,9,0,8,2,6,0,6,2,4,0,5,1,4,0
2017,Duke,ACC,Coastal,7.4,13,7,6,0,8,3,5,0,7,4,3,0,5,2,3,0
2017,East Carolina,American Athletic,East,3.1,12,3,9,0,8,2,6,0,7,2,5,0,5,1,4,0
2017,Eastern Michigan,Mid-American,West,5.5,12,5,7,0,8,3,5,0,5,3,2,0,7,2,5,0
2017,Florida,SEC,East,3.6,11,4,7,0,8,3,5,0,6,3,3,0,3,1,2,0
2017,Florida Atlantic,Conference USA,East,10.8,14,11,3,0,9,9,0,0,8,7,1,0,6,4,2,0
2017,Florida International,Conference USA,East,7,13,8,5,0,8,5,3,0,6,5,1,0,5,2,3,0
2017,Florida State,ACC,Atlantic,6.7,13,7,6,0,8,3,5,0,6,3,3,0,5,3,2,0
2017,Fresno State,Mountain West,West,9.9,14,10,4,0,9,7,2,0,6,5,1,0,7,4,3,0
2017,Georgia,SEC,East,12.3,15,13,2,0,10,8,2,0,6,6,0,0,5,4,1,0
2017,Georgia Southern,Sun Belt,West,3.2,12,2,10,0,8,2,6,0,4,1,3,0,7,1,6,0
2017,Georgia State,Sun Belt,West,5.9,12,7,5,0,8,5,3,0,5,1,4,0,6,5,1,0
2017,Georgia Tech,ACC,Coastal,5.9,11,5,6,0,8,4,4,0,6,5,1,0,4,0,4,0
2017,Hawai'i,Mountain West,West,3.9,12,3,9,0,8,1,7,0,6,2,4,0,6,1,5,0
2017,Houston,American Athletic,West,8.3,12,7,5,0,8,5,3,0,6,4,2,0,5,3,2,0
2017,Idaho,Sun Belt,,6,12,4,8,0,8,3,5,0,6,2,4,0,6,2,4,0
2017,Illinois,Big Ten,West,2.1,12,2,10,0,9,0,9,0,7,2,5,0,5,0,5,0
2017,Indiana,Big Ten,East,5.6,12,5,7,0,9,2,7,0,6,3,3,0,6,2,4,0
2017,Iowa,Big Ten,West,7.9,13,8,5,0,9,4,5,0,7,5,2,0,5,2,3,0
2017,Iowa State,Big 12,,8.5,13,8,5,0,9,5,4,0,6,3,3,0,7,5,2,0
2017,Kansas,Big 12,,1.6,12,1,11,0,9,0,9,0,7,1,6,0,5,0,5,0
2017,Kansas State,Big 12,,6.4,13,8,5,0,9,5,4,0,7,4,3,0,5,3,2,0
2017,Kent State,Mid-American,East,1.9,12,2,10,0,8,1,7,0,5,2,3,0,7,0,7,0
2017,Kentucky,SEC,East,7.3,13,7,6,0,8,4,4,0,7,4,3,0,5,3,2,0
2017,Louisiana,Sun Belt,East,4.8,12,5,7,0,8,4,4,0,5,3,2,0,7,2,5,0
2017,Louisiana Monroe,Sun Belt,East,3.6,12,4,8,0,8,4,4,0,5,2,3,0,7,2,5,0
2017,Louisiana Tech,Conference USA,West,8.1,13,7,6,0,8,4,4,0,7,3,4,0,5,3,2,0
2017,Louisville,ACC,Atlantic,9.1,13,8,5,0,8,4,4,0,6,4,2,0,5,3,2,0
2017,LSU,SEC,West,9.3,13,9,4,0,8,6,2,0,6,5,1,0,5,3,2,0
2017,Marshall,Conference USA,East,8.1,13,8,5,0,8,4,4,0,6,4,2,0,6,3,3,0
2017,Maryland,Big Ten,East,3.1,12,4,8,0,9,2,7,0,6,2,4,0,6,2,4,0
2017,Memphis,American Athletic,West,9.1,13,10,3,0,9,7,2,0,8,7,1,0,5,3,2,0
2017,Miami,ACC,Coastal,8.6,13,10,3,0,9,7,2,0,8,7,1,0,4,3,1,0
2017,Miami (OH),Mid-American,East,7.1,12,5,7,0,8,4,4,0,6,3,3,0,6,2,4,0
2017,Michigan,Big Ten,East,8,13,8,5,0,9,5,4,0,6,4,2,0,5,3,2,0
2017,Michigan State,Big Ten,East,9.4,13,10,3,0,9,7,2,0,7,6,1,0,5,3,2,0
2017,Middle Tennessee,Conference USA,East,7.2,13,7,6,0,8,4,4,0,6,4,2,0,6,2,4,0
2017,Minnesota,Big Ten,West,4.9,12,5,7,0,9,2,7,0,7,4,3,0,5,1,4,0
2017,Mississippi State,SEC,West,9.5,13,9,4,0,8,4,4,0,7,5,2,0,5,3,2,0
2017,Missouri,SEC,East,7.5,13,7,6,0,8,4,4,0,7,4,3,0,5,3,2,0
2017,Navy,American Athletic,West,6.1,13,7,6,0,8,4,4,0,6,5,1,0,6,2,4,0
2017,NC State,ACC,Atlantic,9.5,13,9,4,0,8,6,2,0,6,5,1,0,5,3,2,0
2017,Nebraska,Big Ten,West,3.4,12,4,8,0,9,3,6,0,7,2,5,0,5,2,3,0
2017,Nevada,Mountain West,West,4.5,12,3,9,0,8,3,5,0,6,3,3,0,6,0,6,0
2017,New Mexico,Mountain West,Mountain,4.7,12,3,9,0,8,1,7,0,6,2,4,0,6,1,5,0
2017,New Mexico State,Sun Belt,,6.5,13,7,6,0,8,4,4,0,5,3,2,0,7,3,4,0
2017,North Carolina,ACC,Coastal,4.1,12,3,9,0,8,1,7,0,7,1,6,0,5,2,3,0
2017,Northern Illinois,Mid-American,West,8,13,8,5,0,8,6,2,0,6,5,1,0,6,3,3,0
2017,North Texas,Conference USA,West,7.7,14,9,5,0,9,7,2,0,6,6,0,0,7,3,4,0
2017,Northwestern,Big Ten,West,8.5,13,10,3,0,9,7,2,0,7,6,1,0,5,3,2,0
2017,Notre Dame,FBS Independents,,9.2,13,10,3,0,0,0,0,0,7,6,1,0,5,3,2,0
2017,Ohio,Mid-American,East,10,13,9,4,0,8,5,3,0,6,5,1,0,6,3,3,0
2017,Ohio State,Big Ten,East,11.5,14,12,2,0,10,9,1,0,7,6,1,0,5,4,1,0
2017,Oklahoma,Big 12,,12.4,14,12,2,0,10,9,1,0,6,5,1,0,5,5,0,0
2017,Oklahoma State,Big 12,,11.1,13,10,3,0,9,6,3,0,6,3,3,0,6,6,0,0
2017,Old Dominion,Conference USA,East,5.3,12,5,7,0,8,3,5,0,6,3,3,0,6,2,4,0
2017,Ole Miss,SEC,West,5.6,12,6,6,0,8,3,5,0,7,4,3,0,5,2,3,0
2017,Oregon,Pac-12,North,7.4,13,7,6,0,9,4,5,0,7,6,1,0,5,1,4,0
2017,Oregon State,Pac-12,North,1.9,12,1,11,0,9,0,9,0,6,1,5,0,6,0,6,0
2017,Penn State,Big Ten,East,10.5,13,11,2,0,9,7,2,0,7,7,0,0,5,3,2,0
2017,Pittsburgh,ACC,Coastal,6,12,5,7,0,8,3,5,0,7,4,3,0,5,1,4,0
2017,Purdue,Big Ten,West,7.4,13,7,6,0,9,4,5,0,6,4,2,0,5,2,3,0
2017,Rice,Conference USA,West,1.5,12,1,11,0,8,1,7,0,5,0,5,0,6,1,5,0
2017,Rutgers,Big Ten,East,3.1,12,4,8,0,9,3,6,0,6,2,4,0,5,1,4,0
2017,San Diego State,Mountain West,West,9.1,13,10,3,0,8,6,2,0,7,5,2,0,5,5,0,0
2017,San José State,Mountain West,West,2,13,2,11,0,8,1,7,0,6,2,4,0,7,0,7,0
2017,SMU,American Athletic,West,6.7,13,7,6,0,8,4,4,0,7,6,1,0,5,1,4,0
2017,South Alabama,Sun Belt,East,3.6,12,4,8,0,8,3,5,0,5,2,3,0,6,1,5,0
2017,South Carolina,SEC,East,7.7,13,9,4,0,8,5,3,0,7,5,2,0,4,2,2,0
2017,Southern Mississippi,Conference USA,West,6.9,13,8,5,0,8,6,2,0,6,3,3,0,6,5,1,0
2017,South Florida,American Athletic,East,10.1,12,10,2,0,8,6,2,0,6,5,1,0,5,4,1,0
2017,Stanford,Pac-12,North,7.9,14,9,5,0,10,7,3,0,6,6,0,0,5,2,3,0
2017,Syracuse,ACC,Atlantic,5.1,12,4,8,0,8,2,6,0,7,4,3,0,5,0,5,0
2017,TCU,Big 12,,10.6,14,11,3,0,10,7,3,0,6,6,0,0,6,4,2,0
2017,Temple,American Athletic,East,7.1,13,7,6,0,8,4,4,0,6,3,3,0,6,3,3,0
2017,Tennessee,SEC,East,3.4,12,4,8,0,8,0,8,0,7,3,4,0,4,0,4,0
2017,Texas,Big 12,,7.5,13,7,6,0,9,5,4,0,6,3,3,0,5,3,2,0
2017,Texas A&M,SEC,West,6.5,13,7,6,0,8,4,4,0,7,4,3,0,4,2,2,0
2017,Texas State,Sun Belt,East,2.3,12,2,10,0,8,1,7,0,6,1,5,0,6,1,5,0
2017,Texas Tech,Big 12,,5.3,13,6,7,0,9,3,6,0,6,2,4,0,5,3,2,0
2017,Toledo,Mid-American,West,9.8,14,11,3,0,9,8,1,0,6,6,0,0,6,4,2,0
2017,Troy,Sun Belt,East,9.3,13,11,2,0,8,7,1,0,6,5,1,0,6,5,1,0
2017,Tulane,American Athletic,West,4.6,12,5,7,0,8,3,5,0,6,4,2,0,6,1,5,0
2017,Tulsa,American Athletic,West,3.6,12,2,10,0,8,1,7,0,6,2,4,0,6,0,6,0
2017,UAB,Conference USA,West,8.1,13,8,5,0,8,6,2,0,6,6,0,0,6,2,4,0
2017,UCF,American Athletic,East,11.1,13,13,0,0,9,9,0,0,7,7,0,0,5,5,0,0
2017,UCLA,Pac-12,South,6.4,13,6,7,0,9,4,5,0,6,6,0,0,6,0,6,0
2017,UMass,FBS Independents,,4.7,12,4,8,0,0,0,0,0,5,2,3,0,6,1,5,0
2017,UNLV,Mountain West,West,4.8,12,5,7,0,8,4,4,0,6,2,4,0,6,3,3,0
2017,USC,Pac-12,South,9.4,14,11,3,0,10,9,1,0,7,7,0,0,5,3,2,0
2017,Utah,Pac-12,South,7.4,13,7,6,0,9,3,6,0,7,4,3,0,5,2,3,0
2017,Utah State,Mountain West,Mountain,7.4,13,6,7,0,8,4,4,0,6,3,3,0,6,3,3,0
2017,UTEP,Conference USA,West,0.9,12,0,12,0,8,0,8,0,5,0,5,0,7,0,7,0
2017,UT San Antonio,Conference USA,West,6.3,11,6,5,0,8,3,5,0,5,3,2,0,6,3,3,0
2017,Vanderbilt,SEC,East,5.1,12,5,7,0,8,1,7,0,7,3,4,0,5,2,3,0
2017,Virginia,ACC,Coastal,5.8,13,6,7,0,8,3,5,0,7,4,3,0,6,2,4,0
2017,Virginia Tech,ACC,Coastal,8.9,13,9,4,0,8,5,3,0,6,5,1,0,5,3,2,0
2017,Wake Forest,ACC,Atlantic,7.8,13,8,5,0,8,4,4,0,6,4,2,0,6,3,3,0
2017,Washington,Pac-12,North,10.1,13,10,3,0,9,7,2,0,7,7,0,0,5,3,2,0
2017,Washington State,Pac-12,North,8,13,9,4,0,9,6,3,0,7,7,0,0,5,2,3,0
2017,Western Kentucky,Conference USA,East,4.8,13,6,7,0,8,4,4,0,6,4,2,0,6,2,4,0
2017,Western Michigan,Mid-American,West,6.3,12,6,6,0,8,4,4,0,6,4,2,0,6,2,4,0
2017,West Virginia,Big 12,,5.9,13,7,6,0,9,5,4,0,6,4,2,0,5,3,2,0
2017,Wisconsin,Big Ten,West,13,14,13,1,0,10,9,1,0,7,7,0,0,6,6,0,0
2017,Wyoming,Mountain West,Mountain,6.6,13,8,5,0,8,5,3,0,7,5,2,0,5,2,3,0
2016,Air Force,Mountain West,Mountain,9.4,13,10,3,0,8,5,3,0,6,5,1,0,5,4,1,0
2016,Akron,Mid-American,East,5.8,12,5,7,0,8,3,5,0,6,2,4,0,6,3,3,0
2016,Alabama,SEC,West,13.9,15,14,1,0,9,9,0,0,7,7,0,0,4,4,0,0
2016,Appalachian State,Sun Belt,West,10,13,10,3,0,8,7,1,0,6,5,1,0,6,4,2,0
2016,Arizona,Pac-12,South,3.5,12,3,9,0,9,1,8,0,7,3,4,0,4,0,4,0
2016,Arizona State,Pac-12,South,3.7,12,5,7,0,9,2,7,0,6,4,2,0,6,1,5,0
2016,Arkansas,SEC,West,5.5,13,7,6,0,8,3,5,0,7,5,2,0,4,2,2,0
2016,Arkansas State,Sun Belt,East,8.8,13,8,5,0,8,7,1,0,6,4,2,0,7,4,3,0
2016,Army,FBS Independents,,8.5,13,8,5,0,0,0,0,0,5,3,2,0,5,3,2,0
2016,Auburn,SEC,West,7.4,13,8,5,0,8,5,3,0,8,6,2,0,4,2,2,0
2016,Ball State,Mid-American,West,5.4,12,4,8,0,8,1,7,0,5,1,4,0,7,3,4,0
2016,Baylor,Big 12,,7.4,13,7,6,0,9,3,6,0,6,4,2,0,5,2,3,0
2016,Boise State,Mountain West,Mountain,11,13,10,3,0,8,6,2,0,6,6,0,0,6,4,2,0
2016,Boston College,ACC,Atlantic,6.8,13,7,6,0,8,2,6,0,6,3,3,0,5,3,2,0
2016,Bowling Green,Mid-American,East,2,12,4,8,0,8,3,5,0,6,3,3,0,6,1,5,0
2016,Buffalo,Mid-American,East,2.3,12,2,10,0,8,1,7,0,6,2,4,0,6,0,6,0
2016,BYU,FBS Independents,,8.9,13,9,4,0,0,0,0,0,6,5,1,0,4,2,2,0
2016,California,Pac-12,North,5.6,12,5,7,0,9,3,6,0,6,4,2,0,5,0,5,0
2016,Central Michigan,Mid-American,West,5.8,13,6,7,0,8,3,5,0,6,4,2,0,6,2,4,0
2016,Charlotte,Conference USA,East,4.9,12,4,8,0,8,3,5,0,6,1,5,0,6,3,3,0
2016,Cincinnati,American Athletic,East,4.2,12,4,8,0,8,1,7,0,7,3,4,0,5,1,4,0
2016,Clemson,ACC,Atlantic,13.5,15,14,1,0,9,8,1,0,7,6,1,0,5,5,0,0
2016,Colorado,Pac-12,South,9,14,10,4,0,10,8,2,0,6,6,0,0,5,3,2,0
2016,Colorado State,Mountain West,Mountain,7.4,13,7,6,0,8,5,3,0,6,5,1,0,5,2,3,0
2016,Connecticut,American Athletic,East,3,12,3,9,0,8,1,7,0,7,3,4,0,5,0,5,0
2016,Duke,ACC,Coastal,4.7,12,4,8,0,8,1,7,0,6,3,3,0,6,1,5,0
2016,East Carolina,American Athletic,East,2.9,12,3,9,0,8,1,7,0,6,3,3,0,6,0,6,0
2016,Eastern Michigan,Mid-American,West,7.2,13,7,6,0,8,4,4,0,6,3,3,0,6,4,2,0
2016,Florida,SEC,East,8.5,13,9,4,0,9,6,3,0,5,5,0,0,5,2,3,0
2016,Florida Atlantic,Conference USA,East,3.4,12,3,9,0,8,2,6,0,6,2,4,0,6,1,5,0
2016,Florida International,Conference USA,East,4,12,4,8,0,8,4,4,0,7,2,5,0,5,2,3,0
2016,Florida State,ACC,Atlantic,9.3,13,10,3,0,8,5,3,0,6,4,2,0,5,4,1,0
2016,Fresno State,Mountain West,West,1.6,12,1,11,0,8,0,8,0,6,1,5,0,6,0,6,0
2016,Georgia,SEC,East,7.6,13,8,5,0,8,4,4,0,6,3,3,0,4,3,1,0
2016,Georgia Southern,Sun Belt,West,4.6,12,5,7,0,8,4,4,0,5,3,2,0,7,2,5,0
2016,Georgia State,Sun Belt,West,4.1,12,3,9,0,8,2,6,0,6,3,3,0,6,0,6,0
2016,Georgia Tech,ACC,Coastal,7.2,13,9,4,0,8,4,4,0,7,5,2,0,4,2,2,0
2016,Hawai'i,Mountain West,West,6.7,14,7,7,0,8,4,4,0,6,3,3,0,6,3,3,0
2016,Houston,American Athletic,West,9.6,13,9,4,0,8,5,3,0,6,6,0,0,5,2,3,0
2016,Idaho,Sun Belt,,6.8,13,9,4,0,8,6,2,0,5,4,1,0,7,4,3,0
2016,Illinois,Big Ten,West,3.4,12,3,9,0,9,2,7,0,7,2,5,0,5,1,4,0
2016,Indiana,Big Ten,East,6.3,13,6,7,0,9,4,5,0,7,4,3,0,5,2,3,0
2016,Iowa,Big Ten,West,7.4,13,8,5,0,9,6,3,0,7,4,3,0,5,4,1,0
2016,Iowa State,Big 12,,4,12,3,9,0,9,2,7,0,7,2,5,0,5,1,4,0
2016,Kansas,Big 12,,2.2,12,2,10,0,9,1,8,0,6,2,4,0,6,0,6,0
2016,Kansas State,Big 12,,7.8,13,9,4,0,9,6,3,0,6,5,1,0,6,3,3,0
2016,Kent State,Mid-American,East,4.4,12,3,9,0,8,2,6,0,6,1,5,0,6,2,4,0
2016,Kentucky,SEC,East,6,13,7,6,0,8,4,4,0,7,5,2,0,5,2,3,0
2016,Louisiana,Sun Belt,East,6.5,13,6,7,0,8,5,3,0,6,3,3,0,6,3,3,0
2016,Louisiana Monroe,Sun Belt,East,4.1,12,4,8,0,8,3,5,0,5,3,2,0,7,1,6,0
2016,Louisiana Tech,Conference USA,West,9.1,14,9,5,0,9,6,3,0,5,5,0,0,8,3,5,0
2016,Louisville,ACC,Atlantic,9.8,13,9,4,0,8,7,1,0,6,5,1,0,6,4,2,0
2016,LSU,SEC,West,9.3,12,8,4,0,8,5,3,0,7,5,2,0,3,2,1,0
2016,Marshall,Conference USA,East,3.1,12,3,9,0,8,2,6,0,7,3,4,0,5,0,5,0
2016,Maryland,Big Ten,East,5.4,13,6,7,0,9,3,6,0,6,4,2,0,6,2,4,0
2016,Memphis,American Athletic,West,6.8,13,8,5,0,8,5,3,0,7,5,2,0,5,3,2,0
2016,Miami,ACC,Coastal,9.9,13,9,4,0,8,5,3,0,6,4,2,0,6,4,2,0
2016,Miami (OH),Mid-American,East,7.4,13,6,7,0,8,6,2,0,6,3,3,0,6,3,3,0
2016,Michigan,Big Ten,East,10.6,13,10,3,0,9,7,2,0,8,8,0,0,4,2,2,0
2016,Michigan State,Big Ten,East,4.8,12,3,9,0,9,1,8,0,7,2,5,0,5,1,4,0
2016,Middle Tennessee,Conference USA,East,7.6,13,8,5,0,8,5,3,0,5,3,2,0,7,5,2,0
2016,Minnesota,Big Ten,West,9.1,13,9,4,0,9,5,4,0,7,6,1,0,5,2,3,0
2016,Mississippi State,SEC,West,5.4,13,6,7,0,8,3,5,0,6,3,3,0,6,2,4,0
2016,Missouri,SEC,East,5.1,12,4,8,0,8,2,6,0,7,4,3,0,5,0,5,0
2016,Navy,American Athletic,West,7.9,14,9,5,0,9,7,2,0,6,5,1,0,5,3,2,0
2016,NC State,ACC,Atlantic,7.8,13,7,6,0,8,3,5,0,7,4,3,0,5,2,3,0
2016,Nebraska,Big Ten,West,8.3,13,9,4,0,9,6,3,0,7,7,0,0,5,2,3,0
2016,Nevada,Mountain West,West,4.4,12,5,7,0,8,3,5,0,6,4,2,0,6,1,5,0
2016,New Mexico,Mountain West,Mountain,7.2,13,9,4,0,8,6,2,0,6,5,1,0,5,2,3,0
2016,New Mexico State,Sun Belt,,2.9,12,3,9,0,8,2,6,0,5,3,2,0,7,0,7,0
2016,North Carolina,ACC,Coastal,8.4,13,8,5,0,8,5,3,0,6,4,2,0,5,4,1,0
2016,Northern Illinois,Mid-American,West,4.3,12,5,7,0,8,5,3,0,5,2,3,0,6,3,3,0
2016,North Texas,Conference USA,West,5,13,5,8,0,8,3,5,0,6,3,3,0,6,2,4,0
2016,Northwestern,Big Ten,West,6.7,13,7,6,0,9,5,4,0,7,3,4,0,5,3,2,0
2016,Notre Dame,FBS Independents,,6.7,12,4,8,0,0,0,0,0,6,2,4,0,3,0,3,0
2016,Ohio,Mid-American,East,9.1,14,8,6,0,9,6,3,0,6,4,2,0,6,4,2,0
2016,Ohio State,Big Ten,East,9.3,13,11,2,0,9,8,1,0,7,7,0,0,5,4,1,0
2016,Oklahoma,Big 12,,10.5,13,11,2,0,9,9,0,0,6,5,1,0,4,4,0,0
2016,Oklahoma State,Big 12,,9.8,13,10,3,0,9,7,2,0,7,6,1,0,5,3,2,0
2016,Old Dominion,Conference USA,East,9.4,13,10,3,0,8,7,1,0,6,6,0,0,6,3,3,0
2016,Ole Miss,SEC,West,5.9,12,5,7,0,8,2,6,0,7,4,3,0,4,1,3,0
2016,Oregon,Pac-12,North,4.4,12,4,8,0,9,2,7,0,6,3,3,0,6,1,5,0
2016,Oregon State,Pac-12,North,4.7,12,4,8,0,9,3,6,0,7,4,3,0,5,0,5,0
2016,Penn State,Big Ten,East,8.7,14,11,3,0,10,9,1,0,7,7,0,0,5,3,2,0
2016,Pittsburgh,ACC,Coastal,8.1,13,8,5,0,8,5,3,0,7,6,1,0,5,2,3,0
2016,Purdue,Big Ten,West,1.9,12,3,9,0,9,1,8,0,7,2,5,0,5,1,4,0
2016,Rice,Conference USA,West,3.6,12,3,9,0,8,2,6,0,6,2,4,0,6,1,5,0
2016,Rutgers,Big Ten,East,3.3,12,2,10,0,9,0,9,0,7,2,5,0,5,0,5,0
2016,San Diego State,Mountain West,West,10.8,14,11,3,0,9,7,2,0,5,4,1,0,7,5,2,0
2016,San José State,Mountain West,West,3.7,12,4,8,0,8,3,5,0,6,3,3,0,6,1,5,0
2016,SMU,American Athletic,West,5.8,12,5,7,0,8,3,5,0,6,2,4,0,6,3,3,0
2016,South Alabama,Sun Belt,East,6.2,13,6,7,0,8,2,6,0,7,5,2,0,5,1,4,0
2016,South Carolina,SEC,East,6.6,13,6,7,0,8,3,5,0,7,5,2,0,5,1,4,0
2016,Southern Mississippi,Conference USA,West,7.9,13,7,6,0,8,4,4,0,6,4,2,0,6,2,4,0
2016,South Florida,American Athletic,East,9.7,13,11,2,0,8,7,1,0,7,6,1,0,5,4,1,0
2016,Stanford,Pac-12,North,8.3,13,10,3,0,9,6,3,0,6,4,2,0,6,5,1,0
2016,Syracuse,ACC,Atlantic,4.5,12,4,8,0,8,2,6,0,6,2,4,0,5,2,3,0
2016,TCU,Big 12,,6.4,13,6,7,0,9,4,5,0,7,2,5,0,5,4,1,0
2016,Temple,American Athletic,East,11.3,14,10,4,0,9,8,1,0,7,6,1,0,6,4,2,0
2016,Tennessee,SEC,East,8,13,9,4,0,8,4,4,0,7,6,1,0,4,1,3,0
2016,Texas,Big 12,,5.7,12,5,7,0,9,3,6,0,6,4,2,0,5,1,4,0
2016,Texas A&M,SEC,West,8.4,13,8,5,0,8,4,4,0,7,5,2,0,4,2,2,0
2016,Texas State,Sun Belt,East,1.2,12,2,10,0,8,0,8,0,6,1,5,0,6,1,5,0
2016,Texas Tech,Big 12,,5.4,12,5,7,0,9,3,6,0,6,3,3,0,5,1,4,0
2016,Toledo,Mid-American,West,10.2,13,9,4,0,8,6,2,0,6,5,1,0,5,3,2,0
2016,Troy,Sun Belt,East,8.8,13,10,3,0,8,6,2,0,6,5,1,0,6,4,2,0
2016,Tulane,American Athletic,West,4.2,12,4,8,0,8,1,7,0,6,2,4,0,6,2,4,0
2016,Tulsa,American Athletic,West,10,13,10,3,0,8,6,2,0,6,6,0,0,6,3,3,0
2016,UCF,American Athletic,East,6.7,13,6,7,0,8,4,4,0,7,3,4,0,6,3,3,0
2016,UCLA,Pac-12,South,6.5,12,4,8,0,9,2,7,0,6,3,3,0,6,1,5,0
2016,UMass,FBS Independents,,2.2,12,2,10,0,0,0,0,0,6,2,4,0,6,0,6,0
2016,UNLV,Mountain West,West,4.4,12,4,8,0,8,3,5,0,5,2,3,0,6,1,5,0
2016,USC,Pac-12,South,9.9,13,10,3,0,9,7,2,0,6,6,0,0,5,3,2,0
2016,Utah,Pac-12,South,6.8,13,9,4,0,9,5,4,0,6,4,2,0,6,4,2,0
2016,Utah State,Mountain West,Mountain,5,12,3,9,0,8,1,7,0,6,3,3,0,6,0,6,0
2016,UTEP,Conference USA,West,3.3,12,4,8,0,8,2,6,0,7,3,4,0,5,1,4,0
2016,UT San Antonio,Conference USA,West,6.4,13,6,7,0,8,5,3,0,6,4,2,0,6,2,4,0
2016,Vanderbilt,SEC,East,4.5,13,6,7,0,8,3,5,0,6,4,2,0,6,2,4,0
2016,Virginia,ACC,Coastal,2.6,12,2,10,0,8,1,7,0,6,1,5,0,6,1,5,0
2016,Virginia Tech,ACC,Coastal,9.3,14,10,4,0,9,6,3,0,6,5,1,0,5,4,1,0
2016,Wake Forest,ACC,Atlantic,6.6,13,7,6,0,8,3,5,0,7,4,3,0,5,2,3,0
2016,Washington,Pac-12,North,11.8,14,12,2,0,10,9,1,0,7,6,1,0,5,5,0,0
2016,Washington State,Pac-12,North,7.8,13,8,5,0,9,7,2,0,7,5,2,0,5,3,2,0
2016,Western Kentucky,Conference USA,East,10.4,14,11,3,0,9,8,1,0,7,6,1,0,6,4,2,0
2016,Western Michigan,Mid-American,West,11.9,14,13,1,0,9,9,0,0,6,6,0,0,6,6,0,0
2016,West Virginia,Big 12,,8.8,13,10,3,0,9,7,2,0,7,6,1,0,4,3,1,0
2016,Wisconsin,Big Ten,West,10.6,14,11,3,0,10,7,3,0,6,5,1,0,5,4,1,0
2016,Wyoming,Mountain West,Mountain,7.1,14,8,6,0,9,6,3,0,7,6,1,0,6,2,4,0
2015,Air Force,Mountain West,Mountain,8.2,14,8,6,0,9,6,3,0,6,6,0,0,7,2,5,0
2015,Akron,Mid-American,East,7.9,13,8,5,0,8,5,3,0,6,3,3,0,6,4,2,0
2015,Alabama,SEC,West,12.5,15,14,1,0,9,8,1,0,7,6,1,0,4,4,0,0
2015,Appalachian State,Sun Belt,West,10.9,13,11,2,0,8,7,1,0,6,5,1,0,6,5,1,0
2015,Arizona,Pac-12,South,6.1,13,7,6,0,9,3,6,0,6,4,2,0,6,2,4,0
2015,Arizona State,Pac-12,South,7,13,6,7,0,9,4,5,0,7,5,2,0,4,1,3,0
2015,Arkansas,SEC,West,7.9,13,8,5,0,8,5,3,0,7,4,3,0,4,3,1,0
2015,Arkansas State,Sun Belt,East,8.2,13,9,4,0,8,8,0,0,6,5,1,0,6,4,2,0
2015,Army,FBS Independents,,4.1,12,2,10,0,0,0,0,0,6,1,5,0,5,1,4,0
2015,Auburn,SEC,West,6.9,13,7,6,0,8,2,6,0,7,3,4,0,4,2,2,0
2015,Ball State,Mid-American,West,2.7,12,3,9,0,8,2,6,0,6,2,4,0,6,1,5,0
2015,Baylor,Big 12,,10.8,13,10,3,0,9,6,3,0,6,4,2,0,5,4,1,0
2015,Boise State,Mountain West,Mountain,9.3,13,9,4,0,8,5,3,0,6,4,2,0,6,4,2,0
2015,Boston College,ACC,Atlantic,4,12,3,9,0,8,0,8,0,7,3,4,0,4,0,4,0
2015,Bowling Green,Mid-American,East,10.3,14,10,4,0,9,8,1,0,5,3,2,0,6,6,0,0
2015,Buffalo,Mid-American,East,5.2,12,5,7,0,8,3,5,0,6,2,4,0,6,3,3,0
2015,BYU,FBS Independents,,8.7,13,9,4,0,0,0,0,0,6,6,0,0,5,3,2,0
2015,California,Pac-12,North,7.9,13,8,5,0,9,4,5,0,6,5,1,0,6,2,4,0
2015,Central Michigan,Mid-American,West,8.3,13,7,6,0,8,6,2,0,6,4,2,0,6,3,3,0
2015,Charlotte,Conference USA,East,2,12,2,10,0,8,0,8,0,6,1,5,0,6,1,5,0
2015,Cincinnati,American Athletic,East,8.3,13,7,6,0,8,4,4,0,6,5,1,0,6,2,4,0
2015,Clemson,ACC,Atlantic,14.1,15,14,1,0,9,9,0,0,7,7,0,0,5,5,0,0
2015,Colorado,Pac-12,South,3.4,13,4,9,0,9,1,8,0,6,2,4,0,6,1,5,0
2015,Colorado State,Mountain West,Mountain,6.4,13,7,6,0,9,5,4,0,5,2,3,0,5,4,1,0
2015,Connecticut,American Athletic,East,7,13,6,7,0,8,4,4,0,6,4,2,0,6,2,4,0
2015,Duke,ACC,Coastal,6.7,13,8,5,0,8,4,4,0,6,3,3,0,6,4,2,0
2015,East Carolina,American Athletic,East,5.5,12,5,7,0,8,3,5,0,6,3,3,0,6,2,4,0
2015,Eastern Michigan,Mid-American,West,1.6,12,1,11,0,8,0,8,0,6,0,6,0,6,1,5,0
2015,Florida,SEC,East,9.1,14,10,4,0,9,7,2,0,7,6,1,0,4,3,1,0
2015,Florida Atlantic,Conference USA,East,4.9,12,3,9,0,8,3,5,0,6,1,5,0,6,2,4,0
2015,Florida International,Conference USA,East,4.9,12,5,7,0,8,3,5,0,5,4,1,0,7,1,6,0
2015,Florida State,ACC,Atlantic,9.6,13,10,3,0,8,6,2,0,7,7,0,0,5,3,2,0
2015,Fresno State,Mountain West,West,4,12,3,9,0,8,2,6,0,6,2,4,0,6,1,5,0
2015,Georgia,SEC,East,8.3,13,10,3,0,8,5,3,0,7,6,1,0,4,3,1,0
2015,Georgia Southern,Sun Belt,West,8.9,13,9,4,0,8,6,2,0,6,5,1,0,6,3,3,0
2015,Georgia State,Sun Belt,West,7.6,13,6,7,0,8,5,3,0,5,2,3,0,6,4,2,0
2015,Georgia Tech,ACC,Coastal,4.2,12,3,9,0,8,1,7,0,7,3,4,0,5,0,5,0
2015,Hawai'i,Mountain West,West,3.6,13,3,10,0,8,0,8,0,6,2,4,0,6,0,6,0
2015,Houston,American Athletic,West,10.8,14,13,1,0,9,8,1,0,8,8,0,0,5,4,1,0
2015,Idaho,Sun Belt,,4.2,12,4,8,0,8,3,5,0,6,3,3,0,6,1,5,0
2015,Illinois,Big Ten,West,4.7,12,5,7,0,8,2,6,0,6,4,2,0,5,1,4,0
2015,Indiana,Big Ten,East,7.4,13,6,7,0,8,2,6,0,7,3,4,0,5,3,2,0
2015,Iowa,Big Ten,West,10.1,14,12,2,0,9,8,1,0,7,7,0,0,5,5,0,0
2015,Iowa State,Big 12,,4.8,12,3,9,0,9,2,7,0,6,3,3,0,6,0,6,0
2015,Kansas,Big 12,,1.2,12,0,12,0,9,0,9,0,7,0,7,0,5,0,5,0
2015,Kansas State,Big 12,,4.5,13,6,7,0,9,3,6,0,7,4,3,0,5,2,3,0
2015,Kent State,Mid-American,East,3.6,12,3,9,0,8,2,6,0,6,2,4,0,6,1,5,0
2015,Kentucky,SEC,East,5.2,12,5,7,0,8,2,6,0,8,4,4,0,4,1,3,0
2015,Louisiana,Sun Belt,East,3.7,12,4,8,0,8,3,5,0,6,3,3,0,6,1,5,0
2015,Louisiana Monroe,Sun Belt,East,1.8,13,2,11,0,8,1,7,0,5,2,3,0,8,0,8,0
2015,Louisiana Tech,Conference USA,West,9.5,13,9,4,0,8,6,2,0,6,5,1,0,6,3,3,0
2015,Louisville,ACC,Atlantic,8.9,13,8,5,0,8,5,3,0,6,4,2,0,5,3,2,0
2015,LSU,SEC,West,8,12,9,3,0,8,5,3,0,7,6,1,0,4,2,2,0
2015,Marshall,Conference USA,East,9,13,10,3,0,8,6,2,0,6,6,0,0,6,3,3,0
2015,Maryland,Big Ten,East,3.8,12,3,9,0,8,1,7,0,6,2,4,0,5,1,4,0
2015,Memphis,American Athletic,West,8.4,13,9,4,0,8,5,3,0,6,5,1,0,6,4,2,0
2015,Miami,ACC,Coastal,6.7,13,8,5,0,8,5,3,0,6,5,1,0,6,3,3,0
2015,Miami (OH),Mid-American,East,4.4,12,3,9,0,8,2,6,0,6,2,4,0,6,1,5,0
2015,Michigan,Big Ten,East,9.7,13,10,3,0,8,6,2,0,7,5,2,0,5,4,1,0
2015,Michigan State,Big Ten,East,10.5,14,12,2,0,9,8,1,0,7,7,0,0,5,4,1,0
2015,Middle Tennessee,Conference USA,East,7.2,13,7,6,0,8,6,2,0,6,5,1,0,6,2,4,0
2015,Minnesota,Big Ten,West,6.6,13,6,7,0,8,2,6,0,7,3,4,0,5,2,3,0
2015,Mississippi State,SEC,West,9.8,13,9,4,0,8,4,4,0,7,4,3,0,5,4,1,0
2015,Missouri,SEC,East,4.4,12,5,7,0,8,1,7,0,6,3,3,0,5,1,4,0
2015,Navy,American Athletic,West,10,13,11,2,0,8,7,1,0,6,6,0,0,5,3,2,0
2015,NC State,ACC,Atlantic,7,13,7,6,0,8,3,5,0,6,3,3,0,6,4,2,0
2015,Nebraska,Big Ten,West,7.6,13,6,7,0,8,3,5,0,7,3,4,0,5,2,3,0
2015,Nevada,Mountain West,West,6.2,13,7,6,0,9,5,4,0,6,4,2,0,6,2,4,0
2015,New Mexico,Mountain West,Mountain,4.6,13,7,6,0,8,5,3,0,7,5,2,0,5,2,3,0
2015,New Mexico State,Sun Belt,,3.8,12,3,9,0,8,3,5,0,5,1,4,0,7,2,5,0
2015,North Carolina,ACC,Coastal,11.2,14,11,3,0,9,8,1,0,7,7,0,0,4,4,0,0
2015,Northern Illinois,Mid-American,West,7,14,8,6,0,9,6,3,0,6,5,1,0,6,3,3,0
2015,North Texas,Conference USA,West,1,12,1,11,0,8,1,7,0,5,1,4,0,7,0,7,0
2015,Northwestern,Big Ten,West,8,13,10,3,0,8,6,2,0,7,6,1,0,4,3,1,0
2015,Notre Dame,FBS Independents,,10.2,13,10,3,0,0,0,0,0,6,6,0,0,5,3,2,0
2015,Ohio,Mid-American,East,7.1,13,8,5,0,8,5,3,0,6,5,1,0,6,3,3,0
2015,Ohio State,Big Ten,East,12.1,13,12,1,0,8,7,1,0,7,6,1,0,5,5,0,0
2015,Oklahoma,Big 12,,10.4,13,11,2,0,9,8,1,0,6,6,0,0,5,5,0,0
2015,Oklahoma State,Big 12,,8.4,13,10,3,0,9,7,2,0,7,5,2,0,5,5,0,0
2015,Old Dominion,Conference USA,East,3.8,12,5,7,0,8,3,5,0,7,3,4,0,5,2,3,0
2015,Ole Miss,SEC,West,10.3,13,10,3,0,8,6,2,0,7,6,1,0,5,3,2,0
2015,Oregon,Pac-12,North,8.2,13,9,4,0,9,7,2,0,7,5,2,0,5,4,1,0
2015,Oregon State,Pac-12,North,3,12,2,10,0,9,0,9,0,6,2,4,0,6,0,6,0
2015,Penn State,Big Ten,East,7.3,13,7,6,0,8,4,4,0,7,6,1,0,4,0,4,0
2015,Pittsburgh,ACC,Coastal,6.7,13,8,5,0,8,6,2,0,6,3,3,0,6,5,1,0
2015,Purdue,Big Ten,West,1.8,12,2,10,0,8,1,7,0,7,2,5,0,5,0,5,0
2015,Rice,Conference USA,West,5.1,12,5,7,0,8,3,5,0,6,3,3,0,6,2,4,0
2015,Rutgers,Big Ten,East,4.1,12,4,8,0,8,1,7,0,6,1,5,0,5,2,3,0
2015,San Diego State,Mountain West,West,11.8,14,11,3,0,9,9,0,0,6,5,1,0,6,4,2,0
2015,San José State,Mountain West,West,6.8,13,6,7,0,8,4,4,0,6,3,3,0,6,2,4,0
2015,SMU,American Athletic,West,2.4,12,2,10,0,8,1,7,0,7,2,5,0,5,0,5,0
2015,South Alabama,Sun Belt,East,2.7,12,5,7,0,8,3,5,0,5,2,3,0,6,2,4,0
2015,South Carolina,SEC,East,3.9,12,3,9,0,8,1,7,0,6,2,4,0,5,0,5,0
2015,Southern Mississippi,Conference USA,West,9.2,14,9,5,0,9,7,2,0,6,5,1,0,7,4,3,0
2015,South Florida,American Athletic,East,8.1,13,8,5,0,8,6,2,0,6,5,1,0,6,3,3,0
2015,Stanford,Pac-12,North,10.5,14,12,2,0,10,9,1,0,7,6,1,0,5,4,1,0
2015,Syracuse,ACC,Atlantic,4.6,12,4,8,0,8,2,6,0,7,4,3,0,5,0,5,0
2015,TCU,Big 12,,10.1,13,11,2,0,9,7,2,0,6,6,0,0,6,4,2,0
2015,Temple,American Athletic,East,9.2,14,10,4,0,9,7,2,0,6,5,1,0,7,5,2,0
2015,Tennessee,SEC,East,9.9,13,9,4,0,8,5,3,0,7,5,2,0,4,2,2,0
2015,Texas,Big 12,,5,12,5,7,0,9,4,5,0,6,3,3,0,5,1,4,0
2015,Texas A&M,SEC,West,7.8,13,8,5,0,8,4,4,0,7,5,2,0,3,1,2,0
2015,Texas State,Sun Belt,East,3.6,12,3,9,0,8,2,6,0,6,3,3,0,6,0,6,0
2015,Texas Tech,Big 12,,5.9,13,7,6,0,9,4,5,0,6,4,2,0,5,3,2,0
2015,Toledo,Mid-American,West,9.6,12,10,2,0,8,6,2,0,6,4,2,0,5,5,0,0
2015,Troy,Sun Belt,East,4.9,12,4,8,0,8,3,5,0,5,2,3,0,7,2,5,0
2015,Tulane,American Athletic,West,2.8,12,3,9,0,8,1,7,0,6,2,4,0,6,1,5,0
2015,Tulsa,American Athletic,West,6.3,13,6,7,0,8,3,5,0,6,3,3,0,6,3,3,0
2015,UCF,American Athletic,East,0.3,12,0,12,0,8,0,8,0,6,0,6,0,6,0,6,0
2015,UCLA,Pac-12,South,7.9,13,8,5,0,9,5,4,0,6,4,2,0,6,4,2,0
2015,UMass,Mid-American,East,3.2,12,3,9,0,8,2,6,0,6,1,5,0,6,2,4,0
2015,UNLV,Mountain West,West,3.5,12,3,9,0,8,2,6,0,5,1,4,0,6,1,5,0
2015,USC,Pac-12,South,8.3,14,8,6,0,10,6,4,0,7,5,2,0,5,3,2,0
2015,Utah,Pac-12,South,9.4,13,10,3,0,9,6,3,0,7,6,1,0,5,3,2,0
2015,Utah State,Mountain West,Mountain,6.6,13,6,7,0,8,5,3,0,6,5,1,0,6,1,5,0
2015,UTEP,Conference USA,West,4.2,12,5,7,0,8,3,5,0,5,3,2,0,7,2,5,0
2015,UT San Antonio,Conference USA,West,4.7,12,3,9,0,8,3,5,0,6,1,5,0,6,2,4,0
2015,Vanderbilt,SEC,East,4.2,12,4,8,0,8,2,6,0,6,3,3,0,6,1,5,0
2015,Virginia,ACC,Coastal,4.2,12,4,8,0,8,3,5,0,7,4,3,0,5,0,5,0
2015,Virginia Tech,ACC,Coastal,6.6,13,7,6,0,8,4,4,0,6,2,4,0,6,4,2,0
2015,Wake Forest,ACC,Atlantic,4.1,12,3,9,0,8,1,7,0,6,1,5,0,6,2,4,0
2015,Washington,Pac-12,North,7.5,13,7,6,0,9,4,5,0,7,4,3,0,5,2,3,0
2015,Washington State,Pac-12,North,8.6,13,9,4,0,9,6,3,0,6,4,2,0,6,4,2,0
2015,Western Kentucky,Conference USA,East,10.5,14,12,2,0,9,9,0,0,6,6,0,0,7,5,2,0
2015,Western Michigan,Mid-American,West,7.4,13,8,5,0,8,6,2,0,6,4,2,0,6,3,3,0
2015,West Virginia,Big 12,,9,13,8,5,0,9,4,5,0,7,6,1,0,5,1,4,0
2015,Wisconsin,Big Ten,West,10.2,13,10,3,0,8,6,2,0,7,5,2,0,4,4,0,0
2015,Wyoming,Mountain West,Mountain,2.2,12,2,10,0,8,2,6,0,6,2,4,0,6,0,6,0
