Rk,Gtm,Date,Location,Opponent,Result,Points,PointsOpp,OT,PassCmp,PassAtt,PassPct,PassYds,PassTD,PassYA,PassAYA,PassRate,RushAtt,RushYds,RushYA,RushTD,TotalPlays,TotalYds,TotalAvg,FGA,FGM,XPA,XPM,Punt,PuntYds,FirstDownPass,FirstDownRush,FirstDownPen,FirstDown,Penalties,PenaltyYds,FumblesLost,Interceptions,Turnovers,Bowl,TeamURL,Outcome,Score,TeamScore,OpponentScore,DefPassCmp,DefPassAtt,DefPassPct,DefPassYds,DefPassTD,DefPassYA,DefPassAYA,DefPassRate,DefRushAtt,DefRushYds,DefRushYA,DefRushTD,DefTotalPlays,DefTotalYds,DefTotalAvg,DefFGA,DefFGM,DefXPA,DefXPM,DefPunt,DefPuntYds,DefFirstDownPass,DefFirstDownRush,DefFirstDownPen,DefFirstDown,DefPenalties,DefPenaltyYds,DefFumblesLost,DefInterceptions,DefTurnovers,Team,Conference,TeamFull
1,1,2014-08-30,,South Dakota St.,W,38,18,,13,21,61.9,178,3,8.5,11.33,180.2,39,215,5.5,1,60,393,6.6,3,1,5,5,4,172,6,13,0,19,5,27,0,0,0,,/cfb/schools/missouri/2014.html,W,NA,NA,NA,23,32,71.9,246,0,7.7,4.88,124,32,119,3.7,2,64,365,5.7,1,1,1,6,214,10,4,1,15,5,25,1,2,3,NA,Missouri,Southeastern Conference,Missouri Tigers
2,2,2014-09-06,@,Toledo,W,49,24,,21,33,63.6,325,5,9.8,10.15,184.2,47,177,3.8,2,80,502,6.3,0,0,7,7,6,247,15,9,1,25,2,25,0,2,2,,/cfb/schools/missouri/2014.html,W,NA,NA,NA,23,44,52.3,256,0,5.8,4.8,96.6,32,154,4.8,3,76,410,5.4,1,3,3,9,379,11,7,0,18,9,60,1,1,2,NA,Missouri,Southeastern Conference,Missouri Tigers
3,3,2014-09-13,,UCF,W,38,10,,14,24,58.3,144,4,6,7.46,155.4,35,178,5.1,0,59,322,5.5,1,1,5,5,2,77,8,10,1,19,4,47,0,1,1,,/cfb/schools/missouri/2014.html,W,NA,NA,NA,22,36,61.1,209,1,5.8,3.86,107.9,39,90,2.3,0,75,299,4,1,1,1,3,102,10,9,3,22,6,53,2,2,4,NA,Missouri,Southeastern Conference,Missouri Tigers
4,4,2014-09-20,,Indiana,L,27,31,,29,48,60.4,331,2,6.9,6.79,127.9,35,172,4.9,1,83,503,6.1,2,2,3,3,7,298,18,8,2,27,10,75,0,1,1,,/cfb/schools/missouri/2014.html,L,NA,NA,NA,18,33,54.5,252,1,7.6,8.24,128.7,50,241,4.8,3,83,493,5.9,1,4,4,8,352,13,11,3,27,5,50,0,0,0,NA,Missouri,Southeastern Conference,Missouri Tigers
5,5,2014-09-27,@,South Carolina,W,21,20,,12,34,35.3,132,0,3.9,3.88,67.9,36,148,4.1,3,70,280,4,1,0,3,3,10,420,5,9,2,16,8,74,0,0,0,,/cfb/schools/missouri/2014.html,W,NA,NA,NA,21,37,56.8,219,1,5.9,6.46,115.4,42,119,2.8,1,79,338,4.3,2,2,2,9,392,7,9,2,18,8,71,0,0,0,NA,Missouri,Southeastern Conference,Missouri Tigers
6,6,2014-10-11,,Georgia,L,0,34,,9,21,42.9,97,0,4.6,-3.95,43.6,22,50,2.3,0,43,147,3.4,0,0,0,0,6,264,5,4,1,10,4,30,1,4,5,,/cfb/schools/missouri/2014.html,L,NA,NA,NA,23,29,79.3,169,1,5.8,6.52,139.6,58,210,3.6,3,87,379,4.4,2,4,4,5,173,9,16,0,25,4,30,0,0,0,NA,Missouri,Southeastern Conference,Missouri Tigers
7,7,2014-10-18,@,Florida,W,42,13,,6,18,33.3,20,0,1.1,-1.39,31.6,31,99,3.2,1,49,119,2.4,2,2,4,4,6,278,1,6,0,7,11,74,0,1,1,,/cfb/schools/missouri/2014.html,W,NA,NA,NA,15,31,48.4,148,1,4.8,1.06,79.8,48,135,2.8,1,79,283,3.6,0,2,1,5,190,7,8,2,17,3,39,3,3,6,NA,Missouri,Southeastern Conference,Missouri Tigers
8,8,2014-10-25,,Vanderbilt,W,24,14,,11,23,47.8,141,2,6.1,7.87,128,46,244,5.3,1,69,385,5.6,2,1,3,3,4,162,7,12,1,20,14,100,0,0,0,,/cfb/schools/missouri/2014.html,W,NA,NA,NA,17,31,54.8,196,2,6.3,6.16,122.8,27,44,1.6,0,58,240,4.1,0,2,2,7,285,10,3,5,18,5,41,0,1,1,NA,Missouri,Southeastern Conference,Missouri Tigers
9,9,2014-11-01,,Kentucky,W,20,10,,18,33,54.5,164,2,5,6.18,116.3,45,156,3.5,0,78,320,4.1,2,2,2,2,8,275,10,8,3,21,5,50,0,0,0,,/cfb/schools/missouri/2014.html,W,NA,NA,NA,19,37,51.4,158,1,4.3,3.59,90.7,35,100,2.9,0,72,258,3.6,1,1,1,7,315,5,6,3,14,9,65,0,1,1,NA,Missouri,Southeastern Conference,Missouri Tigers
10,10,2014-11-15,@,Texas A&M,W,34,27,,23,40,57.5,252,1,6.3,5.68,113.7,49,335,6.8,3,89,587,6.6,3,2,4,4,2,70,13,16,3,32,12,81,0,1,1,,/cfb/schools/missouri/2014.html,W,NA,NA,NA,24,36,66.7,237,3,6.6,7,143.9,27,104,3.9,0,63,341,5.4,2,3,3,5,216,11,5,2,18,4,44,0,1,1,NA,Missouri,Southeastern Conference,Missouri Tigers
11,11,2014-11-22,@,Tennessee,W,29,21,,12,25,48,230,2,9.2,10.8,151.7,45,180,4,2,70,410,5.9,2,1,4,2,6,243,8,9,2,19,12,82,0,0,0,,/cfb/schools/missouri/2014.html,W,NA,NA,NA,25,38,65.8,226,2,5.9,5.82,127.9,29,53,1.8,0,67,279,4.2,2,1,1,6,279,11,6,1,18,5,40,1,1,2,NA,Missouri,Southeastern Conference,Missouri Tigers
12,12,2014-11-28,,Arkansas,W,21,14,,25,42,59.5,265,1,6.3,5.71,115.6,41,158,3.9,1,83,423,5.1,3,2,1,1,3,114,12,12,2,26,7,75,1,1,2,,/cfb/schools/missouri/2014.html,W,NA,NA,NA,13,30,43.3,133,2,4.4,5.77,102.6,30,155,5.2,0,60,288,4.8,0,2,2,5,206,9,7,2,18,12,93,2,0,2,NA,Missouri,Southeastern Conference,Missouri Tigers
13,13,2014-12-06,N,Alabama,L,13,42,,16,34,47.1,272,1,8,8.59,124,23,41,1.8,0,57,313,5.5,2,2,1,1,7,304,9,1,0,10,6,60,1,0,1,,/cfb/schools/missouri/2014.html,L,NA,NA,NA,23,27,85.2,262,2,9.7,11.19,191.1,49,242,4.9,4,76,504,6.6,0,6,6,3,130,13,14,1,28,2,10,0,0,0,NA,Missouri,Southeastern Conference,Missouri Tigers
14,14,2015-01-01,N,Minnesota,W,33,17,,12,19,63.2,97,2,5.1,2.47,119.7,45,337,7.5,2,64,434,6.8,2,2,3,3,4,162,5,12,1,18,2,15,0,2,2,Citrus Bowl,/cfb/schools/missouri/2014.html,W,NA,NA,NA,22,33,66.7,267,1,8.1,8.7,144.6,33,106,3.2,1,66,373,5.7,1,2,2,5,204,11,8,0,19,6,45,3,0,3,NA,Missouri,Southeastern Conference,Missouri Tigers
1,1,2014-08-30,,Clemson,W,45,21,,18,26,69.2,131,0,5,5.04,111.6,41,328,8,5,67,459,6.9,1,1,6,6,6,264,7,13,2,22,8,65,1,0,1,,/cfb/schools/georgia/2014.html,W,NA,NA,NA,18,33,54.5,203,1,6.2,5.39,110.2,43,88,2,2,76,291,3.8,0,3,3,10,451,7,6,2,15,3,40,0,1,1,NA,Georgia,Southeastern Conference,Georgia Bulldogs
2,2,2014-09-13,@,South Carolina,L,35,38,,16,22,72.7,191,2,8.7,10.5,175.7,38,217,5.7,2,60,408,6.8,4,2,3,3,2,81,8,9,1,18,7,44,0,0,0,,/cfb/schools/georgia/2014.html,L,NA,NA,NA,21,30,70,271,3,9,9.53,172.2,42,176,4.2,2,72,447,6.2,1,5,5,2,80,13,13,1,27,7,69,1,1,2,NA,Georgia,Southeastern Conference,Georgia Bulldogs
3,3,2014-09-20,,Troy,W,66,0,,14,22,63.6,180,3,8.2,10.91,177.4,39,367,9.4,5,61,547,9,1,1,9,9,3,113,8,13,2,23,5,35,0,0,0,,/cfb/schools/georgia/2014.html,W,NA,NA,NA,18,33,54.5,169,0,5.1,3.76,91.5,28,47,1.7,0,61,216,3.5,0,0,0,8,354,5,5,1,11,4,35,1,1,2,NA,Georgia,Southeastern Conference,Georgia Bulldogs
4,4,2014-09-27,,Tennessee,W,35,32,,16,25,64,147,1,5.9,3.08,110.6,53,289,5.5,3,78,436,5.6,0,0,5,5,7,294,9,16,0,25,7,57,0,2,2,,/cfb/schools/georgia/2014.html,W,NA,NA,NA,27,44,61.4,284,3,6.5,7.82,138.1,34,117,3.4,1,78,401,5.1,1,3,3,8,357,11,9,2,22,7,49,2,0,2,NA,Georgia,Southeastern Conference,Georgia Bulldogs
5,5,2014-10-04,,Vanderbilt,W,44,17,,14,22,63.6,202,2,9.2,8.95,161.7,35,243,6.9,3,57,445,7.8,1,1,6,5,5,169,7,12,1,20,2,12,0,1,1,,/cfb/schools/georgia/2014.html,W,NA,NA,NA,16,31,51.6,188,0,6.1,4.61,96.1,36,132,3.7,2,67,320,4.8,1,2,2,7,235,7,8,0,15,4,29,0,1,1,NA,Georgia,Southeastern Conference,Georgia Bulldogs
6,6,2014-10-11,@,Missouri,W,34,0,,23,29,79.3,169,1,5.8,6.52,139.6,58,210,3.6,3,87,379,4.4,2,2,4,4,5,173,9,16,0,25,4,30,0,0,0,,/cfb/schools/georgia/2014.html,W,NA,NA,NA,9,21,42.9,97,0,4.6,-3.95,43.6,22,50,2.3,0,43,147,3.4,0,0,0,6,264,5,4,1,10,4,30,1,4,5,NA,Georgia,Southeastern Conference,Georgia Bulldogs
7,7,2014-10-18,N,Arkansas,W,45,32,,10,17,58.8,179,2,10.5,12.88,186.1,39,207,5.3,3,56,386,6.9,1,1,6,6,3,105,6,10,2,18,9,101,0,0,0,,/cfb/schools/georgia/2014.html,W,NA,NA,NA,28,45,62.2,296,3,6.6,5.91,130.6,37,126,3.4,2,82,422,5.1,0,3,2,3,99,13,9,7,29,7,79,2,2,4,NA,Georgia,Southeastern Conference,Georgia Bulldogs
8,8,2014-11-01,N,Florida,L,20,38,,26,41,63.4,319,1,7.8,8.27,136.8,32,141,4.4,2,73,460,6.3,1,0,2,2,6,198,15,5,1,21,4,30,1,0,1,,/cfb/schools/georgia/2014.html,L,NA,NA,NA,3,6,50,27,0,4.5,4.5,87.8,60,418,7,5,66,445,6.7,1,5,5,5,230,2,16,1,19,4,31,1,0,1,NA,Georgia,Southeastern Conference,Georgia Bulldogs
9,9,2014-11-08,@,Kentucky,W,63,31,,18,21,85.7,254,5,12.1,16.86,265.9,39,305,7.8,2,60,559,9.3,0,0,9,9,0,0,13,15,0,28,4,33,1,0,1,,/cfb/schools/georgia/2014.html,W,NA,NA,NA,16,31,51.6,139,1,4.5,3.68,93.5,47,214,4.6,3,78,353,4.5,1,4,4,5,209,8,12,2,22,3,25,0,1,1,NA,Georgia,Southeastern Conference,Georgia Bulldogs
10,10,2014-11-15,,Auburn,W,34,7,,10,19,52.6,123,1,6.5,7.53,124.4,52,289,5.6,3,71,412,5.8,2,2,4,4,3,110,5,19,3,27,6,51,0,0,0,,/cfb/schools/georgia/2014.html,W,NA,NA,NA,15,28,53.6,142,0,5.1,3.46,89,35,150,4.3,1,63,292,4.6,0,1,1,4,156,9,8,0,17,7,78,2,1,3,NA,Georgia,Southeastern Conference,Georgia Bulldogs
11,11,2014-11-22,,Charleston So.,W,55,9,,20,26,76.9,310,4,11.9,13.27,220.2,37,270,7.3,3,63,580,9.2,3,2,7,7,0,0,16,9,3,28,3,30,1,1,2,,/cfb/schools/georgia/2014.html,W,NA,NA,NA,6,17,35.3,21,0,1.2,-1.41,33.9,45,190,4.2,1,62,211,3.4,1,0,0,7,275,2,10,1,13,5,54,1,1,2,NA,Georgia,Southeastern Conference,Georgia Bulldogs
12,12,2014-11-29,,Georgia Tech,L,24,30,OT,18,28,64.3,194,1,6.9,6.04,127.1,39,194,5,1,67,388,5.8,2,1,3,3,1,41,12,8,1,21,2,20,2,1,3,,/cfb/schools/georgia/2014.html,L,NA,NA,NA,6,16,37.5,64,1,4,5.25,91.7,70,399,5.7,3,86,463,5.4,1,4,3,3,124,4,27,1,32,5,24,2,0,2,NA,Georgia,Southeastern Conference,Georgia Bulldogs
13,13,2014-12-30,N,Louisville,W,37,14,,14,24,58.3,200,1,8.3,7.29,133.8,52,305,5.9,3,76,505,6.6,3,3,4,4,2,82,11,9,2,22,4,32,1,1,2,Belk Bowl,/cfb/schools/georgia/2014.html,W,NA,NA,NA,21,44,47.7,314,1,7.1,4.52,101.5,27,62,2.3,1,71,376,5.3,0,2,2,6,225,14,6,0,20,7,44,0,3,3,NA,Georgia,Southeastern Conference,Georgia Bulldogs
1,1,2014-09-06,,Eastern Michigan,W,65,0,,33,47,70.2,396,3,8.4,9.7,162.1,39,259,6.6,4,86,655,7.6,3,3,8,8,3,145,12,13,2,27,10,100,0,0,0,,/cfb/schools/florida/2014.html,W,NA,NA,NA,9,21,42.9,45,0,2.1,0,51.3,34,80,2.4,0,55,125,2.3,0,0,0,10,432,2,3,2,7,4,40,4,1,5,NA,Florida,Southeastern Conference,Florida Gators
2,2,2014-09-13,,Kentucky,W,36,30,3OT,25,44,56.8,295,3,6.7,7.05,131.1,50,237,4.7,1,94,532,5.7,5,3,3,3,6,292,13,14,1,28,8,78,0,1,1,,/cfb/schools/florida/2014.html,W,NA,NA,NA,24,45,53.3,369,3,8.2,6.53,130.9,33,81,2.5,0,78,450,5.8,3,3,3,6,239,14,6,3,23,8,61,0,3,3,NA,Florida,Southeastern Conference,Florida Gators
3,3,2014-09-20,@,Alabama,L,21,42,,9,28,32.1,93,1,3.3,0.82,57.5,27,107,4,1,55,200,3.6,0,0,3,3,7,369,5,5,1,11,5,36,1,2,3,,/cfb/schools/florida/2014.html,L,NA,NA,NA,24,35,68.6,449,5,12.8,14.4,217.8,52,223,4.3,1,87,672,7.7,0,6,6,2,87,13,13,2,28,11,80,3,1,4,NA,Florida,Southeastern Conference,Florida Gators
4,4,2014-10-04,@,Tennessee,W,10,9,,13,27,48.1,76,0,2.8,-2.19,49.6,48,156,3.3,1,75,232,3.1,1,1,1,1,8,282,5,11,0,16,5,45,0,3,3,,/cfb/schools/florida/2014.html,W,NA,NA,NA,26,39,66.7,205,0,5.3,2.95,100.6,29,28,1,0,68,233,3.4,3,0,0,8,344,10,2,0,12,8,49,1,2,3,NA,Florida,Southeastern Conference,Florida Gators
5,5,2014-10-11,,LSU,L,27,30,,14,25,56,183,1,7.3,4.52,114.7,32,123,3.8,1,57,306,5.4,2,2,3,3,4,190,4,8,1,13,4,34,1,2,3,,/cfb/schools/florida/2014.html,L,NA,NA,NA,10,22,45.5,110,1,5,5.91,102.5,50,195,3.9,3,72,305,4.2,1,4,3,8,363,7,11,3,21,8,80,0,0,0,NA,Florida,Southeastern Conference,Florida Gators
6,6,2014-10-18,,Missouri,L,13,42,,15,31,48.4,148,1,4.8,1.06,79.8,48,135,2.8,1,79,283,3.6,0,0,2,1,5,190,7,8,2,17,3,39,3,3,6,,/cfb/schools/florida/2014.html,L,NA,NA,NA,6,18,33.3,20,0,1.1,-1.39,31.6,31,99,3.2,1,49,119,2.4,2,4,4,6,278,1,6,0,7,11,74,0,1,1,NA,Florida,Southeastern Conference,Florida Gators
7,7,2014-11-01,N,Georgia,W,38,20,,3,6,50,27,0,4.5,4.5,87.8,60,418,7,5,66,445,6.7,1,1,5,5,5,230,2,16,1,19,4,31,1,0,1,,/cfb/schools/florida/2014.html,W,NA,NA,NA,26,41,63.4,319,1,7.8,8.27,136.8,32,141,4.4,2,73,460,6.3,0,2,2,6,198,15,5,1,21,4,30,1,0,1,NA,Florida,Southeastern Conference,Florida Gators
8,8,2014-11-08,@,Vanderbilt,W,34,10,,13,22,59.1,215,0,9.8,9.77,141.2,50,214,4.3,4,72,429,6,2,2,4,4,5,238,10,9,0,19,10,82,0,0,0,,/cfb/schools/florida/2014.html,W,NA,NA,NA,21,45,46.7,225,1,5,3.44,87.1,24,83,3.5,0,69,308,4.5,1,1,1,6,249,11,4,2,17,6,49,2,2,4,NA,Florida,Southeastern Conference,Florida Gators
9,9,2014-11-15,,South Carolina,L,20,23,OT,5,11,45.5,60,1,5.5,7.27,121.3,49,218,4.4,1,60,278,4.6,3,2,2,2,7,218,2,10,3,15,10,75,1,0,1,,/cfb/schools/florida/2014.html,L,NA,NA,NA,22,42,52.4,206,0,4.9,4.9,93.6,38,95,2.5,3,80,301,3.8,1,2,2,5,202,8,8,3,19,6,67,1,0,1,NA,Florida,Southeastern Conference,Florida Gators
10,10,2014-11-22,,Eastern Ky.,W,52,3,,13,23,56.5,326,5,14.2,18.52,247.3,38,104,2.7,2,61,430,7,1,1,7,7,4,196,11,6,0,17,5,45,1,0,1,,/cfb/schools/florida/2014.html,W,NA,NA,NA,14,29,48.3,63,0,2.2,2.17,66.5,43,79,1.8,0,72,142,2,1,0,0,10,380,4,6,2,12,8,71,1,0,1,NA,Florida,Southeastern Conference,Florida Gators
11,11,2014-11-29,@,Florida State,L,19,24,,13,32,40.6,169,1,5.3,3.09,82.8,33,113,3.4,0,65,282,4.3,6,4,1,1,3,139,9,3,1,13,10,105,0,2,2,,/cfb/schools/florida/2014.html,L,NA,NA,NA,12,24,50,125,2,5.2,-0.63,87.9,41,181,4.4,0,65,306,4.7,1,3,3,3,109,6,8,3,17,8,63,0,4,4,NA,Florida,Southeastern Conference,Florida Gators
12,12,2015-01-03,N,East Carolina,W,28,20,,13,28,46.4,171,2,6.1,5.93,114.2,43,168,3.9,1,71,339,4.8,0,0,4,4,8,343,6,8,1,15,6,40,2,1,3,Birmingham Bowl,/cfb/schools/florida/2014.html,W,NA,NA,NA,34,68,50,427,2,6.3,5.54,106.6,33,109,3.3,0,101,536,5.3,2,2,2,6,267,23,6,3,32,5,35,1,2,3,NA,Florida,Southeastern Conference,Florida Gators
1,1,2014-08-28,,Texas A&M,L,28,52,,20,40,50,366,4,9.2,10.03,154.9,22,67,3,0,62,433,7,1,0,4,4,4,176,14,5,4,23,4,21,0,1,1,,/cfb/schools/south-carolina/2014.html,L,NA,NA,NA,44,60,73.3,511,3,8.5,9.52,161.4,39,169,4.3,4,99,680,6.9,1,7,7,2,96,28,10,1,39,8,95,0,0,0,NA,South Carolina,Southeastern Conference,South Carolina Gamecocks
2,2,2014-09-06,,East Carolina,W,33,23,,25,38,65.8,266,1,7,6.34,128,38,175,4.6,2,76,441,5.8,4,4,3,3,1,53,15,10,1,26,5,60,0,1,1,,/cfb/schools/south-carolina/2014.html,W,NA,NA,NA,32,46,69.6,321,1,7,5.46,126.7,21,132,6.3,1,67,453,6.8,3,2,2,1,52,20,4,3,27,4,40,0,2,2,NA,South Carolina,Southeastern Conference,South Carolina Gamecocks
3,3,2014-09-13,,Georgia,W,38,35,,21,30,70,271,3,9,9.53,172.2,42,176,4.2,2,72,447,6.2,1,1,5,5,2,80,13,13,1,27,7,69,1,1,2,,/cfb/schools/south-carolina/2014.html,W,NA,NA,NA,16,22,72.7,191,2,8.7,10.5,175.7,38,217,5.7,2,60,408,6.8,2,3,3,2,81,8,9,1,18,7,44,0,0,0,NA,South Carolina,Southeastern Conference,South Carolina Gamecocks
4,4,2014-09-20,@,Vanderbilt,W,48,34,,22,34,64.7,237,3,7,8.74,152.4,34,212,6.2,2,68,449,6.6,2,2,6,6,3,122,10,12,2,24,5,35,1,0,1,,/cfb/schools/south-carolina/2014.html,W,NA,NA,NA,15,25,60,223,2,8.9,8.72,153.3,30,156,5.2,0,55,379,6.9,2,4,4,3,144,8,9,1,18,7,75,1,1,2,NA,South Carolina,Southeastern Conference,South Carolina Gamecocks
5,5,2014-09-27,,Missouri,L,20,21,,21,37,56.8,219,1,5.9,6.46,115.4,42,119,2.8,1,79,338,4.3,2,2,2,2,9,392,7,9,2,18,8,71,0,0,0,,/cfb/schools/south-carolina/2014.html,L,NA,NA,NA,12,34,35.3,132,0,3.9,3.88,67.9,36,148,4.1,3,70,280,4,0,3,3,10,420,5,9,2,16,8,74,0,0,0,NA,South Carolina,Southeastern Conference,South Carolina Gamecocks
6,6,2014-10-04,@,Kentucky,L,38,45,,23,37,62.2,218,1,5.9,2.78,104.4,48,282,5.9,4,85,500,5.9,1,1,5,5,3,115,13,16,3,32,4,35,0,3,3,,/cfb/schools/south-carolina/2014.html,L,NA,NA,NA,20,30,66.7,208,1,6.9,7.6,135.9,36,239,6.6,4,66,447,6.8,1,6,6,4,159,9,12,1,22,8,80,1,0,1,NA,South Carolina,Southeastern Conference,South Carolina Gamecocks
7,7,2014-10-18,,Furman,W,41,10,,16,28,57.1,281,2,10,11.46,165,43,267,6.2,3,71,548,7.7,2,2,5,5,3,115,11,14,1,26,7,53,2,0,2,,/cfb/schools/south-carolina/2014.html,W,NA,NA,NA,11,19,57.9,91,0,4.8,2.42,87.6,39,211,5.4,1,58,302,5.2,1,1,1,6,256,5,10,1,16,6,55,2,1,3,NA,South Carolina,Southeastern Conference,South Carolina Gamecocks
8,8,2014-10-25,@,Auburn,L,35,42,,30,53,56.6,416,5,7.8,7.19,142.3,33,119,3.6,0,86,535,6.2,0,0,5,5,1,47,20,7,3,30,4,20,0,3,3,,/cfb/schools/south-carolina/2014.html,L,NA,NA,NA,13,15,86.7,156,1,10.4,11.73,196,47,395,8.4,5,62,551,8.9,0,6,6,2,70,9,16,0,25,4,53,1,0,1,NA,South Carolina,Southeastern Conference,South Carolina Gamecocks
9,9,2014-11-01,,Tennessee,L,42,45,OT,21,34,61.8,377,3,11.1,11.53,178.1,39,248,6.4,3,73,625,8.6,2,0,6,6,3,104,14,12,0,26,7,51,0,1,1,,/cfb/schools/south-carolina/2014.html,L,NA,NA,NA,23,40,57.5,301,2,7.5,7.4,132.2,55,344,6.3,4,95,645,6.8,1,6,6,3,98,13,18,4,35,4,31,0,1,1,NA,South Carolina,Southeastern Conference,South Carolina Gamecocks
10,10,2014-11-15,@,Florida,W,23,20,OT,22,42,52.4,206,0,4.9,4.9,93.6,38,95,2.5,3,80,301,3.8,2,1,2,2,5,202,8,8,3,19,6,67,1,0,1,,/cfb/schools/south-carolina/2014.html,W,NA,NA,NA,5,11,45.5,60,1,5.5,7.27,121.3,49,218,4.4,1,60,278,4.6,2,2,2,7,218,2,10,3,15,10,75,1,0,1,NA,South Carolina,Southeastern Conference,South Carolina Gamecocks
11,11,2014-11-22,,South Alabama,W,37,12,,11,20,55,244,2,12.2,11.95,180.5,37,210,5.7,1,57,454,8,3,3,4,4,1,43,7,12,1,20,6,57,4,1,5,,/cfb/schools/south-carolina/2014.html,W,NA,NA,NA,17,34,50,170,0,5,-0.29,68.5,44,119,2.7,0,78,289,3.7,4,0,0,4,195,12,6,2,20,5,30,1,4,5,NA,South Carolina,Southeastern Conference,South Carolina Gamecocks
12,12,2014-11-29,@,Clemson,L,17,35,,23,41,56.1,276,1,6.7,7.22,120.7,33,63,1.9,1,74,339,4.6,2,1,2,2,5,195,8,8,2,18,2,6,1,0,1,,/cfb/schools/south-carolina/2014.html,L,NA,NA,NA,15,21,71.4,266,2,12.7,12.43,199.7,40,225,5.6,3,61,491,8,0,5,5,5,202,9,10,1,20,4,44,0,1,1,NA,South Carolina,Southeastern Conference,South Carolina Gamecocks
13,13,2014-12-27,N,Miami (FL),W,24,21,,22,34,64.7,294,2,8.6,9.82,156.8,30,60,2,1,64,354,5.5,3,1,3,3,4,179,10,5,1,16,5,61,0,0,0,Independence Bowl,/cfb/schools/south-carolina/2014.html,W,NA,NA,NA,19,33,57.6,236,1,7.2,6.39,121.6,40,186,4.7,1,73,422,5.8,2,1,1,3,85,10,10,1,21,5,40,1,1,2,NA,South Carolina,Southeastern Conference,South Carolina Gamecocks
1,1,2014-08-31,,Utah State,W,38,7,,28,40,70,273,3,6.8,8.33,152.1,39,110,2.8,2,79,383,4.8,2,1,5,5,8,298,13,8,3,24,6,40,0,0,0,,/cfb/schools/tennessee/2014.html,W,NA,NA,NA,18,35,51.4,144,1,4.1,2.11,84,24,100,4.2,0,59,244,4.1,0,1,1,8,302,6,4,1,11,5,42,1,2,3,NA,Tennessee,Southeastern Conference,Tennessee Volunteers
2,2,2014-09-06,,Arkansas State,W,34,19,,22,38,57.9,247,2,6.5,6.37,124.6,45,168,3.7,2,83,415,5,3,2,4,4,6,243,12,9,2,23,2,14,0,1,1,,/cfb/schools/tennessee/2014.html,W,NA,NA,NA,22,36,61.1,190,1,5.3,5.83,114.6,42,141,3.4,2,78,331,4.2,0,2,1,7,303,9,8,0,17,9,75,1,0,1,NA,Tennessee,Southeastern Conference,Tennessee Volunteers
3,3,2014-09-13,@,Oklahoma,L,10,34,,21,44,47.7,201,1,4.6,2.98,84.5,33,112,3.4,0,77,313,4.1,1,1,1,1,8,278,12,5,1,18,1,10,1,2,3,,/cfb/schools/tennessee/2014.html,L,NA,NA,NA,20,33,60.6,308,1,9.3,8.58,142.9,34,146,4.3,2,67,454,6.8,2,4,4,5,190,14,7,0,21,5,41,1,1,2,NA,Tennessee,Southeastern Conference,Tennessee Volunteers
4,4,2014-09-27,@,Georgia,L,32,35,,27,44,61.4,284,3,6.5,7.82,138.1,34,117,3.4,1,78,401,5.1,1,1,3,3,8,357,11,9,2,22,7,49,2,0,2,,/cfb/schools/tennessee/2014.html,L,NA,NA,NA,16,25,64,147,1,5.9,3.08,110.6,53,289,5.5,3,78,436,5.6,0,5,5,7,294,9,16,0,25,7,57,0,2,2,NA,Tennessee,Southeastern Conference,Tennessee Volunteers
5,5,2014-10-04,,Florida,L,9,10,,26,39,66.7,205,0,5.3,2.95,100.6,29,28,1,0,68,233,3.4,3,3,0,0,8,344,10,2,0,12,8,49,1,2,3,,/cfb/schools/tennessee/2014.html,L,NA,NA,NA,13,27,48.1,76,0,2.8,-2.19,49.6,48,156,3.3,1,75,232,3.1,1,1,1,8,282,5,11,0,16,5,45,0,3,3,NA,Tennessee,Southeastern Conference,Tennessee Volunteers
6,6,2014-10-11,,Chattanooga,W,45,10,,22,29,75.9,217,3,7.5,9.55,172.9,42,123,2.9,3,71,340,4.8,2,1,6,6,4,200,11,9,0,20,1,5,1,0,1,,/cfb/schools/tennessee/2014.html,W,NA,NA,NA,10,17,58.8,96,0,5.6,3,94.5,37,105,2.8,1,54,201,3.7,1,1,1,7,318,4,7,0,11,5,40,2,1,3,NA,Tennessee,Southeastern Conference,Tennessee Volunteers
7,7,2014-10-18,@,Ole Miss,L,3,34,,19,34,55.9,191,0,5.6,1.65,85.4,28,0,0,0,62,191,3.1,1,1,0,0,9,410,8,2,0,10,3,23,1,3,4,,/cfb/schools/tennessee/2014.html,L,NA,NA,NA,14,31,45.2,203,2,6.5,7.84,121.5,47,180,3.8,2,78,383,4.9,2,4,4,9,434,8,10,0,18,1,15,0,0,0,NA,Tennessee,Southeastern Conference,Tennessee Volunteers
8,8,2014-10-25,,Alabama,L,20,34,,21,36,58.3,202,2,5.6,5.47,118.2,43,181,4.2,0,79,383,4.8,2,2,2,2,5,209,10,10,1,21,4,33,1,1,2,,/cfb/schools/tennessee/2014.html,L,NA,NA,NA,14,24,58.3,286,2,11.9,13.58,185.9,41,183,4.5,3,65,469,7.2,0,5,4,4,171,10,11,2,23,6,50,2,0,2,NA,Tennessee,Southeastern Conference,Tennessee Volunteers
9,9,2014-11-01,@,South Carolina,W,45,42,OT,23,40,57.5,301,2,7.5,7.4,132.2,55,344,6.3,4,95,645,6.8,3,1,6,6,3,98,13,18,4,35,4,31,0,1,1,,/cfb/schools/tennessee/2014.html,W,NA,NA,NA,21,34,61.8,377,3,11.1,11.53,178.1,39,248,6.4,3,73,625,8.6,0,6,6,3,104,14,12,0,26,7,51,0,1,1,NA,Tennessee,Southeastern Conference,Tennessee Volunteers
10,10,2014-11-15,,Kentucky,W,50,16,,19,29,65.5,297,3,10.2,12.31,185.7,51,214,4.2,2,80,511,6.4,4,3,6,5,4,174,14,13,1,28,3,40,0,0,0,,/cfb/schools/tennessee/2014.html,W,NA,NA,NA,13,29,44.8,168,0,5.8,2.69,79.7,34,94,2.8,1,63,262,4.2,3,1,1,8,322,7,6,2,15,5,35,0,2,2,NA,Tennessee,Southeastern Conference,Tennessee Volunteers
11,11,2014-11-22,,Missouri,L,21,29,,25,38,65.8,226,2,5.9,5.82,127.9,29,53,1.8,0,67,279,4.2,2,2,1,1,6,279,11,6,1,18,5,40,1,1,2,,/cfb/schools/tennessee/2014.html,L,NA,NA,NA,12,25,48,230,2,9.2,10.8,151.7,45,180,4,2,70,410,5.9,1,4,2,6,243,8,9,2,19,12,82,0,0,0,NA,Tennessee,Southeastern Conference,Tennessee Volunteers
12,12,2014-11-29,@,Vanderbilt,W,24,17,,11,20,55,92,0,4.6,0.1,73.6,45,170,3.8,2,65,262,4,1,1,3,3,7,339,4,12,3,19,6,55,0,2,2,,/cfb/schools/tennessee/2014.html,W,NA,NA,NA,13,30,43.3,149,1,5,1.13,76.1,36,123,3.4,1,66,272,4.1,1,2,2,6,276,6,10,3,19,7,50,0,3,3,NA,Tennessee,Southeastern Conference,Tennessee Volunteers
13,13,2015-01-02,N,Iowa,W,45,28,,17,22,77.3,178,2,8.1,7.86,166.1,51,283,5.5,4,73,461,6.3,1,1,6,6,4,149,10,15,2,27,4,55,0,1,1,TaxSlayer Bowl,/cfb/schools/tennessee/2014.html,W,NA,NA,NA,15,31,48.4,177,2,5.7,5.55,111.2,35,244,7,2,66,421,6.4,0,4,4,6,215,10,9,4,23,4,37,1,1,2,NA,Tennessee,Southeastern Conference,Tennessee Volunteers
