Season,Game,Date,TeamFullName,Opponent,HomeAway,W_L,TeamScore,OpponentScore,TeamFG,TeamFGA,TeamFGPCT,Team3P,Team3PA,Team3PPCT,TeamFT,TeamFTA,TeamFTPCT,TeamOffRebounds,TeamTotalRebounds,TeamAssists,TeamSteals,TeamBlocks,TeamTurnovers,TeamPersonalFouls,OpponentFG,OpponentFGA,OpponentFGPCT,Opponent3P,Opponent3PA,Opponent3PPCT,OpponentFT,OpponentFTA,OpponentFTPCT,OpponentOffRebounds,OpponentTotalRebounds,OpponentAssists,OpponentSteals,OpponentBlocks,OpponentTurnovers,OpponentPersonalFouls,URL,Conference,Team,TeamSRS,TeamSOS,OpponentSRS,OpponentSOS
2024-2025,1,2024-11-04,Abilene Christian Wildcats Men's,Howard Payne,,W,107,74,42,73,0.575,3,13,0.231,20,33,0.606,24,73,16,9,4,32,21,24,80,0.3,7,41,0.171,19,25,0.76,9,17,8,20,0,14,24,/cbb/schools/abilene-christian/men/2025.html,WAC MBB,Abilene Christian,NA,NA,NA,NA
2024-2025,1,2024-11-04,Air Force Falcons Men's,North Alabama,,L,57,73,18,46,0.391,9,26,0.346,12,17,0.706,5,30,13,2,4,13,12,27,58,0.466,15,29,0.517,4,9,0.444,5,31,13,6,3,5,19,/cbb/schools/air-force/men/2025.html,MWC MBB,Air Force,0,16,0,-16
2024-2025,1,2024-11-04,Akron Zips Men's,Arkansas State,@,L (1 OT),75,80,28,79,0.354,10,34,0.294,9,13,0.692,14,42,19,9,3,14,11,34,73,0.466,9,30,0.3,3,6,0.5,9,42,14,8,9,13,10,/cbb/schools/akron/men/2025.html,MAC MBB,Akron,0,5,0,-5
2024-2025,1,2024-11-04,Alabama Crimson Tide Men's,UNC Asheville,,W,110,54,38,60,0.633,8,18,0.444,26,37,0.703,14,54,21,5,6,10,12,20,73,0.274,6,26,0.231,8,14,0.571,13,25,8,6,2,8,22,/cbb/schools/alabama/men/2025.html,SEC MBB,Alabama,0,-56,0,56
2024-2025,1,2024-11-04,Alabama State Hornets Men's,UNLV,@,L,79,93,27,61,0.443,9,22,0.409,16,20,0.8,10,27,15,5,0,12,23,33,58,0.569,9,20,0.45,18,28,0.643,12,34,20,4,4,9,16,/cbb/schools/alabama-state/men/2025.html,SWAC MBB,Alabama State,0,14,NA,NA
2024-2025,1,2024-11-04,Albany (NY) Great Danes Men's,Army,@,L,59,67,22,60,0.367,4,24,0.167,11,16,0.688,5,30,11,8,2,9,24,22,50,0.44,5,17,0.294,18,28,0.643,7,36,11,4,3,12,18,/cbb/schools/albany-ny/men/2025.html,AEC MBB,Albany (NY),0,8,0,-8
2024-2025,1,2024-11-04,Alcorn State Braves Men's,Utah,@,L,59,100,20,55,0.364,3,11,0.273,16,22,0.727,13,25,9,7,1,14,19,32,57,0.561,19,38,0.5,17,25,0.68,10,31,29,10,2,10,18,/cbb/schools/alcorn-state/men/2025.html,SWAC MBB,Alcorn State,0,41,0,-41
2024-2025,1,2024-11-04,American Eagles Men's,La Salle,@,L,52,65,20,55,0.364,9,31,0.29,3,8,0.375,8,28,13,3,3,9,16,23,55,0.418,5,16,0.313,14,18,0.778,9,36,7,5,3,5,14,/cbb/schools/american/men/2025.html,Patriot MBB,American,0,13,0,-13
2024-2025,1,2024-11-04,Appalachian State Mountaineers Men's,Miami (OH),,L,63,77,21,53,0.396,9,32,0.281,12,21,0.571,10,30,11,8,5,18,16,27,59,0.458,11,25,0.44,12,13,0.923,4,29,9,13,4,14,18,/cbb/schools/appalachian-state/men/2025.html,Sun Belt MBB,Appalachian State,0,14,0,-14
2024-2025,1,2024-11-04,Arizona Wildcats Men's,Canisius,,W,93,64,33,68,0.485,8,28,0.286,19,27,0.704,15,40,20,12,3,9,15,22,51,0.431,10,26,0.385,10,13,0.769,4,22,12,7,1,19,20,/cbb/schools/arizona/men/2025.html,Big 12 MBB,Arizona,0,-29,0,29
2024-2025,1,2024-11-05,Arizona State Sun Devils Men's,Idaho State,,W,55,48,20,55,0.364,7,24,0.292,8,12,0.667,6,37,12,6,9,14,15,17,67,0.254,4,28,0.143,10,13,0.769,14,41,6,4,4,8,16,/cbb/schools/arizona-state/men/2025.html,Big 12 MBB,Arizona State,0,-7,0,7
2024-2025,1,2024-11-04,Arkansas State Red Wolves Men's,Akron,,W (1 OT),80,75,34,73,0.466,9,30,0.3,3,6,0.5,9,42,14,8,9,13,10,28,79,0.354,10,34,0.294,9,13,0.692,14,42,19,9,3,14,11,/cbb/schools/arkansas-state/men/2025.html,Sun Belt MBB,Arkansas State,0,-5,0,5
2024-2025,1,2024-11-04,Arkansas-Pine Bluff Golden Lions Men's,Cincinnati,@,L,54,109,20,59,0.339,5,19,0.263,9,14,0.643,7,23,7,5,2,16,20,42,72,0.583,12,24,0.5,13,23,0.565,16,47,27,10,7,9,12,/cbb/schools/arkansas-pine-bluff/men/2025.html,SWAC MBB,Arkansas-Pine Bluff,0,55,0,-55
2024-2025,1,2024-11-04,Army Black Knights Men's,Albany (NY),,W,67,59,22,50,0.44,5,17,0.294,18,28,0.643,7,36,11,4,3,12,18,22,60,0.367,4,24,0.167,11,16,0.688,5,30,11,8,2,9,24,/cbb/schools/army/men/2025.html,Patriot MBB,Army,0,-8,0,8
2024-2025,1,2024-11-04,Austin Peay Governors Men's,Union (TN),,W,95,75,30,62,0.484,11,23,0.478,24,26,0.923,9,33,14,10,0,9,19,25,54,0.463,11,27,0.407,14,25,0.56,8,29,17,4,4,16,16,/cbb/schools/austin-peay/men/2025.html,A-Sun MBB,Austin Peay,NA,NA,NA,NA
2024-2025,1,2024-11-04,Ball State Cardinals Men's,Georgia State,@,L,66,71,22,68,0.324,8,33,0.242,14,24,0.583,14,41,11,1,0,6,16,27,65,0.415,2,11,0.182,15,22,0.682,14,48,14,3,3,6,18,/cbb/schools/ball-state/men/2025.html,MAC MBB,Ball State,0,5,0,-5
2024-2025,1,2024-11-04,Baylor Bears Men's,Gonzaga,@,L,63,101,23,62,0.371,3,21,0.143,14,20,0.7,13,31,11,8,4,11,14,40,71,0.563,13,31,0.419,8,13,0.615,15,43,24,8,3,11,18,/cbb/schools/baylor/men/2025.html,Big 12 MBB,Baylor,0,38,0,-38
2024-2025,1,2024-11-04,Bellarmine Knights Men's,VCU,@,L,65,84,26,56,0.464,4,13,0.308,9,13,0.692,9,26,8,10,1,13,23,29,55,0.527,15,29,0.517,11,17,0.647,11,32,20,7,10,16,17,/cbb/schools/bellarmine/men/2025.html,A-Sun MBB,Bellarmine,0,19,NA,NA
2024-2025,1,2024-11-04,Belmont Bruins Men's,Maryville (TN),,W,93,70,33,64,0.516,12,26,0.462,15,17,0.882,9,39,20,4,4,10,15,24,61,0.393,5,25,0.2,17,21,0.81,5,27,9,8,4,11,13,/cbb/schools/belmont/men/2025.html,MVC MBB,Belmont,NA,NA,NA,NA
2024-2025,1,2024-11-05,Bethune-Cookman Wildcats Men's,Texas Tech,@,L,61,94,25,60,0.417,6,16,0.375,5,10,0.5,3,17,13,7,3,9,10,36,63,0.571,16,30,0.533,6,10,0.6,10,37,15,7,6,11,12,/cbb/schools/bethune-cookman/men/2025.html,SWAC MBB,Bethune-Cookman,0,33,0,-33
2024-2025,1,2024-11-04,Binghamton Bearcats Men's,Penn State,@,L,66,108,24,56,0.429,7,19,0.368,11,15,0.733,8,27,14,2,1,21,26,35,69,0.507,13,31,0.419,25,32,0.781,14,38,17,16,7,5,17,/cbb/schools/binghamton/men/2025.html,AEC MBB,Binghamton,0,42,0,-42
2024-2025,1,2024-11-04,Boston College Eagles Men's,The Citadel,,W,69,60,21,54,0.389,5,18,0.278,22,28,0.786,11,39,10,7,2,14,21,20,52,0.385,3,24,0.125,17,25,0.68,8,29,11,8,5,14,22,/cbb/schools/boston-college/men/2025.html,ACC MBB,Boston College,0,-9,0,9
2024-2025,1,2024-11-04,Boston University Terriers Men's,Northeastern,,L,72,80,29,62,0.468,9,21,0.429,5,11,0.455,12,27,16,5,2,11,15,30,47,0.638,7,16,0.438,13,22,0.591,3,23,13,10,7,12,17,/cbb/schools/boston-university/men/2025.html,Patriot MBB,Boston University,0,8,0,-8
2024-2025,1,2024-11-04,Bowling Green State Falcons Men's,Southern Miss,@,L,68,77,27,66,0.409,10,28,0.357,4,8,0.5,7,31,11,8,3,13,13,30,61,0.492,5,22,0.227,12,14,0.857,2,29,17,9,10,12,8,/cbb/schools/bowling-green-state/men/2025.html,MAC MBB,Bowling Green State,0,9,NA,NA
2024-2025,1,2024-11-04,Bradley Braves Men's,Southeast Missouri State,,W,88,60,30,54,0.556,10,23,0.435,18,25,0.72,10,36,15,10,3,15,10,24,57,0.421,6,23,0.261,6,10,0.6,7,24,8,11,2,17,20,/cbb/schools/bradley/men/2025.html,MVC MBB,Bradley,0,-28,0,28
2024-2025,1,2024-11-05,BYU Cougars Men's,Central Arkansas,,W,88,50,33,72,0.458,15,44,0.341,7,11,0.636,17,44,21,11,7,9,13,18,52,0.346,6,28,0.214,3,11,0.273,8,27,14,4,2,16,10,/cbb/schools/brigham-young/men/2025.html,Big 12 MBB,Brigham Young,0,-38,0,38
2024-2025,1,2024-11-04,Brown Bears Men's,Siena,@,L (1 OT),71,72,28,64,0.438,7,22,0.318,8,13,0.615,15,40,8,6,9,16,24,24,66,0.364,5,20,0.25,19,28,0.679,15,36,7,10,4,12,15,/cbb/schools/brown/men/2025.html,Ivy MBB,Brown,0,1,0,-1
2024-2025,1,2024-11-04,Bryant Bulldogs Men's,Dean,,W,105,63,40,72,0.556,7,23,0.304,18,23,0.783,15,49,26,9,7,13,5,24,70,0.343,7,16,0.438,8,9,0.889,4,18,7,9,1,14,17,/cbb/schools/bryant/men/2025.html,AEC MBB,Bryant,NA,NA,NA,NA
2024-2025,1,2024-11-04,Bucknell Bison Men's,Delaware,@,W,85,73,29,55,0.527,10,19,0.526,17,27,0.63,4,34,14,6,2,16,17,27,64,0.422,8,26,0.308,11,18,0.611,5,26,13,8,5,14,24,/cbb/schools/bucknell/men/2025.html,Patriot MBB,Bucknell,0,-12,0,12
2024-2025,1,2024-11-04,Buffalo Bulls Men's,Old Dominion,@,W,83,82,32,57,0.561,10,22,0.455,9,17,0.529,5,28,17,9,6,13,10,33,77,0.429,12,30,0.4,4,8,0.5,17,41,15,9,4,14,13,/cbb/schools/buffalo/men/2025.html,MAC MBB,Buffalo,0,-1,0,1
2024-2025,1,2024-11-04,Butler Bulldogs Men's,Missouri State,,W,72,65,21,47,0.447,9,20,0.45,21,28,0.75,9,30,12,6,6,18,14,25,67,0.373,9,28,0.321,6,10,0.6,12,27,13,13,2,12,28,/cbb/schools/butler/men/2025.html,Big East MBB,Butler,0,-7,0,7
2024-2025,1,2024-11-05,Cal Poly Mustangs Men's,San Francisco,@,L,78,86,26,64,0.406,12,34,0.353,14,15,0.933,5,28,17,12,2,16,21,28,62,0.452,7,28,0.25,23,28,0.821,8,33,15,12,8,15,18,/cbb/schools/cal-poly/men/2025.html,Big West MBB,Cal Poly,0,8,0,-8
2024-2025,1,2024-11-04,Cal State Bakersfield Roadrunners Men's,California,@,L,73,86,26,60,0.433,8,15,0.533,10,18,0.556,13,33,7,4,3,17,26,24,57,0.421,7,23,0.304,31,40,0.775,12,34,12,7,3,11,20,/cbb/schools/cal-state-bakersfield/men/2025.html,Big West MBB,Cal State Bakersfield,0,13,0,-13
2024-2025,1,2024-11-04,Cal State Fullerton Titans Men's,Grand Canyon,@,L,79,89,24,50,0.48,7,17,0.412,24,30,0.8,8,25,11,10,1,17,25,28,59,0.475,10,31,0.323,23,32,0.719,16,36,15,9,1,17,26,/cbb/schools/cal-state-fullerton/men/2025.html,Big West MBB,Cal State Fullerton,0,10,0,-10
2024-2025,1,2024-11-04,Cal State Northridge Matadors Men's,St. Bonaventure,@,L,56,70,20,54,0.37,6,19,0.316,10,16,0.625,6,32,14,8,1,21,26,20,55,0.364,7,32,0.219,23,34,0.676,12,37,10,10,5,16,14,/cbb/schools/cal-state-northridge/men/2025.html,Big West MBB,Cal State Northridge,0,14,0,-14
2024-2025,1,2024-11-04,California Golden Bears Men's,Cal State Bakersfield,,W,86,73,24,57,0.421,7,23,0.304,31,40,0.775,12,34,12,7,3,11,20,26,60,0.433,8,15,0.533,10,18,0.556,13,33,7,4,3,17,26,/cbb/schools/california/men/2025.html,ACC MBB,California,0,-13,0,13
2024-2025,1,2024-11-04,California Baptist Lancers Men's,Incarnate Word,,W,83,78,31,65,0.477,5,17,0.294,16,23,0.696,12,30,15,6,1,5,12,31,61,0.508,11,23,0.478,5,9,0.556,11,35,6,2,4,11,22,/cbb/schools/california-baptist/men/2025.html,WAC MBB,California Baptist,0,-5,0,5
2024-2025,1,2024-11-04,Campbell Fighting Camels Men's,Pfeiffer,,W,96,49,32,58,0.552,3,17,0.176,29,36,0.806,9,40,16,12,7,11,19,17,59,0.288,6,25,0.24,9,17,0.529,13,31,10,4,0,23,25,/cbb/schools/campbell/men/2025.html,CAA MBB,Campbell,NA,NA,NA,NA
2024-2025,1,2024-11-04,Canisius Golden Griffins Men's,Arizona,@,L,64,93,22,51,0.431,10,26,0.385,10,13,0.769,4,22,12,7,1,19,20,33,68,0.485,8,28,0.286,19,27,0.704,15,40,20,12,3,9,15,/cbb/schools/canisius/men/2025.html,MAAC MBB,Canisius,0,29,0,-29
2024-2025,1,2024-11-05,Central Arkansas Bears Men's,BYU,@,L,50,88,18,52,0.346,6,28,0.214,3,11,0.273,8,27,14,4,2,16,10,33,72,0.458,15,44,0.341,7,11,0.636,17,44,21,11,7,9,13,/cbb/schools/central-arkansas/men/2025.html,A-Sun MBB,Central Arkansas,0,38,NA,NA
2024-2025,1,2024-11-04,Central Connecticut Blue Devils Men's,Providence,@,L,55,59,17,54,0.315,0,8,0,21,26,0.808,7,28,3,12,3,6,16,20,53,0.377,8,32,0.25,11,15,0.733,13,39,12,3,3,15,19,/cbb/schools/central-connecticut-state/men/2025.html,NEC MBB,Central Connecticut State,0,4,0,-4
2024-2025,1,2024-11-04,Central Michigan Chippewas Men's,South Alabama,@,W,74,70,26,52,0.5,9,31,0.29,13,17,0.765,9,30,17,11,1,12,13,25,53,0.472,9,28,0.321,11,16,0.688,5,23,15,5,1,15,13,/cbb/schools/central-michigan/men/2025.html,MAC MBB,Central Michigan,0,-4,0,4
2024-2025,1,2024-11-04,Charleston Southern Buccaneers Men's,Clemson,@,L,64,91,20,50,0.4,11,25,0.44,13,27,0.481,10,31,13,5,0,17,18,32,65,0.492,11,21,0.524,16,24,0.667,11,37,16,9,6,7,20,/cbb/schools/charleston-southern/men/2025.html,Big South MBB,Charleston Southern,0,27,0,-27
2024-2025,1,2024-11-04,Charlotte 49ers Men's,Presbyterian,,W,88,79,31,54,0.574,11,22,0.5,15,19,0.789,3,16,19,6,0,4,9,32,57,0.561,9,21,0.429,6,10,0.6,9,28,16,3,4,9,16,/cbb/schools/charlotte/men/2025.html,AAC MBB,Charlotte,0,-9,0,9
2024-2025,1,2024-11-04,Chattanooga Mocs Men's,USC,@,L,51,77,15,54,0.278,6,34,0.176,15,19,0.789,11,31,13,6,2,13,13,32,64,0.5,8,25,0.32,5,7,0.714,8,32,21,9,3,9,17,/cbb/schools/chattanooga/men/2025.html,Southern MBB,Chattanooga,0,26,NA,NA
2024-2025,1,2024-11-04,Chicago State Cougars Men's,Loyola (IL),@,L,72,79,26,62,0.419,8,26,0.308,12,20,0.6,4,31,12,8,6,12,23,26,63,0.413,6,25,0.24,21,29,0.724,8,38,14,6,5,8,19,/cbb/schools/chicago-state/men/2025.html,NEC MBB,Chicago State,0,7,0,-7
2024-2025,1,2024-11-04,Cincinnati Bearcats Men's,Arkansas-Pine Bluff,,W,109,54,42,72,0.583,12,24,0.5,13,23,0.565,16,47,27,10,7,9,12,20,59,0.339,5,19,0.263,9,14,0.643,7,23,7,5,2,16,20,/cbb/schools/cincinnati/men/2025.html,Big 12 MBB,Cincinnati,0,-55,0,55
2024-2025,1,2024-11-04,Clemson Tigers Men's,Charleston Southern,,W,91,64,32,65,0.492,11,21,0.524,16,24,0.667,11,37,16,9,6,7,20,20,50,0.4,11,25,0.44,13,27,0.481,10,31,13,5,0,17,18,/cbb/schools/clemson/men/2025.html,ACC MBB,Clemson,0,-27,0,27
2024-2025,1,2024-11-04,Cleveland State Vikings Men's,Michigan,@,L,53,101,21,70,0.3,2,19,0.105,9,11,0.818,18,31,5,10,4,20,21,39,57,0.684,10,18,0.556,13,22,0.591,6,28,22,11,8,16,16,/cbb/schools/cleveland-state/men/2025.html,Horizon MBB,Cleveland State,0,48,0,-48
2024-2025,1,2024-11-04,Coastal Carolina Chanticleers Men's,Western Michigan,,W,60,56,22,47,0.468,6,20,0.3,10,15,0.667,3,33,13,4,3,9,22,18,52,0.346,3,15,0.2,17,28,0.607,8,31,5,7,2,8,16,/cbb/schools/coastal-carolina/men/2025.html,Sun Belt MBB,Coastal Carolina,0,-4,0,4
2024-2025,1,2024-11-05,Colgate Raiders Men's,SUNY-Canton,,W,95,62,35,67,0.522,11,33,0.333,14,20,0.7,10,38,20,6,3,11,20,20,52,0.385,4,11,0.364,18,22,0.818,1,20,7,3,0,13,18,/cbb/schools/colgate/men/2025.html,Patriot MBB,Colgate,NA,NA,NA,NA
2024-2025,1,2024-11-04,College of Charleston Cougars Men's,Southern Illinois,N,W,90,80,31,55,0.564,9,20,0.45,19,30,0.633,5,29,17,3,4,15,23,25,62,0.403,5,21,0.238,25,33,0.758,9,26,12,11,1,9,21,/cbb/schools/college-of-charleston/men/2025.html,CAA MBB,College of Charleston,0,-10,0,10
2024-2025,1,2024-11-04,Colorado Buffaloes Men's,Eastern Washington,,W,76,56,27,59,0.458,9,23,0.391,13,17,0.765,13,43,16,12,5,18,13,21,58,0.362,5,16,0.313,9,14,0.643,5,24,13,14,4,15,18,/cbb/schools/colorado/men/2025.html,Big 12 MBB,Colorado,0,-20,0,20
2024-2025,1,2024-11-04,Colorado State Rams Men's,North Dakota,,W,82,56,35,60,0.583,4,17,0.235,8,19,0.421,5,35,25,12,6,10,23,17,48,0.354,5,16,0.313,17,23,0.739,3,29,5,4,3,20,19,/cbb/schools/colorado-state/men/2025.html,MWC MBB,Colorado State,0,-26,0,26
2024-2025,1,2024-11-04,Columbia Lions Men's,Loyola (MD),@,W,81,78,25,56,0.446,7,23,0.304,24,30,0.8,8,28,15,8,1,12,16,29,63,0.46,7,25,0.28,13,18,0.722,9,33,11,8,1,15,19,/cbb/schools/columbia/men/2025.html,Ivy MBB,Columbia,0,-3,0,3
2024-2025,1,2024-11-04,Coppin State Eagles Men's,Wake Forest,@,L,49,64,17,60,0.283,4,18,0.222,11,15,0.733,12,39,9,5,0,19,21,22,56,0.393,9,37,0.243,11,23,0.478,9,35,14,11,6,12,18,/cbb/schools/coppin-state/men/2025.html,MEAC MBB,Coppin State,0,15,0,-15
2024-2025,1,2024-11-04,Cornell Big Red Men's,Marywood,,W,93,52,36,68,0.529,11,35,0.314,10,14,0.714,15,49,30,9,6,9,6,21,66,0.318,8,31,0.258,2,6,0.333,10,26,17,6,3,11,14,/cbb/schools/cornell/men/2025.html,Ivy MBB,Cornell,NA,NA,NA,NA
2024-2025,1,2024-11-04,Dartmouth Big Green Men's,Lyndon State,,W,129,47,49,78,0.628,20,41,0.488,11,20,0.55,16,50,32,10,1,6,17,17,53,0.321,5,19,0.263,8,19,0.421,2,14,7,5,1,20,20,/cbb/schools/dartmouth/men/2025.html,Ivy MBB,Dartmouth,NA,NA,NA,NA
2024-2025,1,2024-11-04,Davidson Wildcats Men's,William Peace,,W,88,47,36,70,0.514,5,20,0.25,11,17,0.647,11,43,23,14,2,8,14,16,51,0.314,11,30,0.367,4,8,0.5,3,24,9,4,2,22,12,/cbb/schools/davidson/men/2025.html,A-10 MBB,Davidson,NA,NA,NA,NA
2024-2025,1,2024-11-04,Dayton Flyers Men's,Saint Francis (PA),,W,87,57,31,68,0.456,8,32,0.25,17,25,0.68,15,44,20,8,4,7,12,22,58,0.379,6,21,0.286,7,11,0.636,4,28,11,3,3,12,19,/cbb/schools/dayton/men/2025.html,A-10 MBB,Dayton,0,-30,0,30
2024-2025,1,2024-11-04,Delaware Fightin' Blue Hens Men's,Bucknell,,L,73,85,27,64,0.422,8,26,0.308,11,18,0.611,5,26,13,8,5,14,24,29,55,0.527,10,19,0.526,17,27,0.63,4,34,14,6,2,16,17,/cbb/schools/delaware/men/2025.html,CAA MBB,Delaware,0,12,0,-12
2024-2025,1,2024-11-04,Delaware State Hornets Men's,Virginia Tech,@,L,60,83,17,49,0.347,3,10,0.3,23,30,0.767,9,27,8,9,1,16,23,26,55,0.473,9,28,0.321,22,33,0.667,11,38,20,6,5,14,21,/cbb/schools/delaware-state/men/2025.html,MEAC MBB,Delaware State,0,23,0,-23
2024-2025,1,2024-11-04,Denver Pioneers Men's,Stanford,@,L,62,85,22,48,0.458,3,17,0.176,15,23,0.652,7,23,6,4,2,20,16,32,65,0.492,7,23,0.304,14,18,0.778,13,31,20,13,6,10,18,/cbb/schools/denver/men/2025.html,Summit MBB,Denver,0,23,0,-23
2024-2025,1,2024-11-04,DePaul Blue Demons Men's,Southern Indiana,,W (1 OT),80,78,29,64,0.453,14,37,0.378,8,22,0.364,9,32,11,6,4,10,13,31,62,0.5,6,14,0.429,10,12,0.833,7,35,9,4,3,14,16,/cbb/schools/depaul/men/2025.html,Big East MBB,DePaul,0,-2,0,2
2024-2025,1,2024-11-04,Detroit Mercy Titans Men's,,,W,91,52,34,69,0.493,7,26,0.269,16,21,0.762,18,48,19,6,2,9,16,20,55,0.364,6,26,0.231,6,11,0.545,3,21,8,4,0,13,16,/cbb/schools/detroit-mercy/men/2025.html,Horizon MBB,Detroit Mercy,NA,NA,NA,NA
2024-2025,1,2024-11-04,Drake Bulldogs Men's,York (NE),,W,93,41,31,59,0.525,13,30,0.433,18,27,0.667,9,35,22,12,4,6,8,16,54,0.296,2,16,0.125,7,9,0.778,5,25,6,5,0,17,20,/cbb/schools/drake/men/2025.html,MVC MBB,Drake,NA,NA,NA,NA
2024-2025,1,2024-11-04,Drexel Dragons Men's,Georgian Court,,W,95,43,31,61,0.508,15,24,0.625,18,25,0.72,14,52,24,5,5,13,11,14,65,0.215,5,26,0.192,10,13,0.769,7,22,4,9,4,12,19,/cbb/schools/drexel/men/2025.html,CAA MBB,Drexel,NA,NA,NA,NA
2024-2025,1,2024-11-04,Duke Blue Devils Men's,Maine,,W,96,62,35,63,0.556,11,29,0.379,15,20,0.75,10,39,17,10,3,12,18,21,57,0.368,3,14,0.214,17,18,0.944,6,24,4,9,0,13,19,/cbb/schools/duke/men/2025.html,ACC MBB,Duke,0,-34,0,34
2024-2025,1,2024-11-04,Duquesne Dukes Men's,Lipscomb,,L,72,77,28,62,0.452,6,20,0.3,10,19,0.526,8,32,10,6,4,14,22,25,48,0.521,9,21,0.429,18,26,0.692,2,30,16,3,2,16,18,/cbb/schools/duquesne/men/2025.html,A-10 MBB,Duquesne,0,5,0,-5
2024-2025,1,2024-11-04,East Carolina Pirates Men's,North Carolina Wesleyan,,W,97,70,33,63,0.524,10,20,0.5,21,32,0.656,18,51,17,5,5,15,22,23,66,0.348,8,25,0.32,16,22,0.727,7,23,16,7,1,9,22,/cbb/schools/east-carolina/men/2025.html,AAC MBB,East Carolina,NA,NA,NA,NA
2024-2025,1,2024-11-04,ETSU Buccaneers Men's,Newberry,,W,72,51,30,71,0.423,6,27,0.222,6,11,0.545,11,42,14,12,9,13,10,21,62,0.339,5,16,0.313,4,8,0.5,7,33,10,7,2,18,12,/cbb/schools/east-tennessee-state/men/2025.html,Southern MBB,East Tennessee State,NA,NA,NA,NA
2024-2025,1,2024-11-04,Eastern Illinois Panthers Men's,Illinois,@,L,67,112,26,68,0.382,4,12,0.333,11,25,0.44,3,24,5,5,1,7,29,31,64,0.484,16,42,0.381,34,46,0.739,14,56,16,2,9,13,21,/cbb/schools/eastern-illinois/men/2025.html,OVC MBB,Eastern Illinois,0,45,0,-45
2024-2025,1,2024-11-04,Eastern Kentucky Colonels Men's,Alice Lloyd,,W,98,69,35,80,0.438,9,41,0.22,19,32,0.594,25,46,19,17,1,18,16,25,56,0.446,4,15,0.267,15,23,0.652,9,30,15,10,1,27,26,/cbb/schools/eastern-kentucky/men/2025.html,A-Sun MBB,Eastern Kentucky,NA,NA,NA,NA
2024-2025,1,2024-11-04,Eastern Michigan Eagles Men's,Texas State,@,L,44,64,17,58,0.293,5,24,0.208,5,15,0.333,10,29,7,7,0,13,15,20,48,0.417,7,15,0.467,17,21,0.81,8,40,13,8,4,12,16,/cbb/schools/eastern-michigan/men/2025.html,MAC MBB,Eastern Michigan,0,20,0,-20
2024-2025,1,2024-11-04,Eastern Washington Eagles Men's,Colorado,@,L,56,76,21,58,0.362,5,16,0.313,9,14,0.643,5,24,13,14,4,15,18,27,59,0.458,9,23,0.391,13,17,0.765,13,43,16,12,5,18,13,/cbb/schools/eastern-washington/men/2025.html,Big Sky MBB,Eastern Washington,0,20,0,-20
2024-2025,1,2024-11-04,Elon Phoenix Men's,UNC,@,L,76,90,26,61,0.426,13,29,0.448,11,14,0.786,9,37,11,4,5,15,12,32,80,0.4,13,32,0.406,13,16,0.813,15,39,22,11,7,6,13,/cbb/schools/elon/men/2025.html,CAA MBB,Elon,0,14,NA,NA
2024-2025,1,2024-11-05,Evansville Purple Aces Men's,North Texas,@,L,63,80,22,47,0.468,8,26,0.308,11,17,0.647,3,21,11,4,4,13,18,26,57,0.456,9,24,0.375,19,24,0.792,13,33,12,10,0,8,11,/cbb/schools/evansville/men/2025.html,MVC MBB,Evansville,0,17,0,-17
2024-2025,1,2024-11-04,Fairfield Stags Men's,Rhode Island,@,L,58,96,19,70,0.271,4,29,0.138,16,27,0.593,15,34,12,4,7,10,32,28,52,0.538,6,11,0.545,34,41,0.829,6,44,14,1,4,11,24,/cbb/schools/fairfield/men/2025.html,MAAC MBB,Fairfield,0,38,0,-38
2024-2025,1,2024-11-04,FDU Knights Men's,Miami (FL),@,L,72,113,25,53,0.472,7,23,0.304,15,24,0.625,5,17,10,2,1,14,19,46,69,0.667,7,17,0.412,14,18,0.778,9,36,16,11,1,7,21,/cbb/schools/fairleigh-dickinson/men/2025.html,NEC MBB,FDU,0,41,0,-41
2024-2025,1,2024-11-04,Florida Gators Men's,South Florida,N,W,98,83,33,63,0.524,5,26,0.192,27,33,0.818,11,37,12,8,5,8,16,28,63,0.444,13,27,0.481,14,17,0.824,10,29,16,8,0,15,27,/cbb/schools/florida/men/2025.html,SEC MBB,Florida,0,-15,0,15
2024-2025,1,2024-11-04,Florida A&M Rattlers Men's,TCU,@,L,59,105,18,54,0.333,8,34,0.235,15,21,0.714,7,26,8,3,0,12,15,41,75,0.547,14,30,0.467,9,16,0.563,15,44,29,8,3,5,21,/cbb/schools/florida-am/men/2025.html,SWAC MBB,Florida A&M,0,46,0,-46
2024-2025,1,2024-11-04,Florida Atlantic Owls Men's,Indiana State,N,W,97,64,34,61,0.557,11,23,0.478,18,27,0.667,7,43,18,15,6,16,18,21,64,0.328,13,37,0.351,9,14,0.643,6,27,15,11,1,21,23,/cbb/schools/florida-atlantic/men/2025.html,AAC MBB,Florida Atlantic,0,-33,0,33
2024-2025,1,2024-11-04,Florida Gulf Coast Eagles Men's,UNC Greensboro,@,L,64,73,23,58,0.397,9,30,0.3,9,11,0.818,7,34,11,1,0,7,20,22,61,0.361,12,31,0.387,17,20,0.85,11,39,10,6,1,5,11,/cbb/schools/florida-gulf-coast/men/2025.html,A-Sun MBB,Florida Gulf Coast,0,9,0,-9
2024-2025,1,2024-11-05,Florida International Panthers Men's,Rice,@,L,70,77,23,63,0.365,6,18,0.333,18,24,0.75,9,38,12,11,4,11,31,24,52,0.462,6,24,0.25,23,38,0.605,8,34,16,3,5,15,18,/cbb/schools/florida-international/men/2025.html,CUSA MBB,Florida International,0,7,0,-7
2024-2025,1,2024-11-04,Florida State Seminoles Men's,Northern Kentucky,,W,74,62,28,63,0.444,4,22,0.182,14,18,0.778,6,28,14,14,6,12,18,19,49,0.388,7,28,0.25,17,23,0.739,4,32,14,7,1,22,17,/cbb/schools/florida-state/men/2025.html,ACC MBB,Florida State,0,-12,0,12
2024-2025,1,2024-11-04,Fordham Rams Men's,St. John's (NY),@,L,60,92,20,55,0.364,8,23,0.348,12,20,0.6,8,29,9,5,1,19,13,36,66,0.545,9,26,0.346,11,15,0.733,7,34,19,11,4,11,19,/cbb/schools/fordham/men/2025.html,A-10 MBB,Fordham,0,32,0,-32
2024-2025,1,2024-11-04,Furman Paladins Men's,Columbia International,,W,104,46,40,63,0.635,13,21,0.619,11,18,0.611,8,40,18,11,3,10,14,16,56,0.286,2,21,0.095,12,17,0.706,7,23,7,5,3,17,16,/cbb/schools/furman/men/2025.html,Southern MBB,Furman,NA,NA,NA,NA
2024-2025,1,2024-11-04,Gardner-Webb Runnin' Bulldogs Men's,Tennessee,@,L,64,80,24,55,0.436,6,23,0.261,10,15,0.667,7,27,8,6,2,14,19,28,55,0.509,8,23,0.348,16,21,0.762,7,28,16,9,2,10,15,/cbb/schools/gardner-webb/men/2025.html,Big South MBB,Gardner-Webb,0,16,0,-16
2024-2025,1,2024-11-04,George Mason Patriots Men's,North Carolina Central,,W,75,58,21,51,0.412,2,17,0.118,31,41,0.756,16,44,12,6,1,16,19,16,57,0.281,5,21,0.238,21,25,0.84,9,24,7,8,2,10,30,/cbb/schools/george-mason/men/2025.html,A-10 MBB,George Mason,0,-17,0,17
2024-2025,1,2024-11-04,George Washington Revolutionaries Men's,Mercyhurst,,W,76,59,24,53,0.453,4,23,0.174,24,34,0.706,11,34,14,9,1,12,17,21,56,0.375,6,17,0.353,11,13,0.846,8,24,11,3,4,12,23,/cbb/schools/george-washington/men/2025.html,A-10 MBB,George Washington,0,-17,0,17
2024-2025,1,2024-11-04,Georgia Bulldogs Men's,Tennessee Tech,,W,83,78,34,66,0.515,4,18,0.222,11,18,0.611,14,39,15,10,4,12,14,30,61,0.492,11,28,0.393,7,11,0.636,4,19,15,7,2,13,18,/cbb/schools/georgia/men/2025.html,SEC MBB,Georgia,0,-5,0,5
2024-2025,1,2024-11-04,Georgia Southern Eagles Men's,Northern Illinois,,W,80,65,31,64,0.484,12,27,0.444,6,12,0.5,8,31,17,14,2,15,21,22,57,0.386,8,30,0.267,13,17,0.765,8,34,12,9,5,19,15,/cbb/schools/georgia-southern/men/2025.html,Sun Belt MBB,Georgia Southern,0,-15,0,15
2024-2025,1,2024-11-04,Georgia State Panthers Men's,Ball State,,W,71,66,27,65,0.415,2,11,0.182,15,22,0.682,14,48,14,3,3,6,18,22,68,0.324,8,33,0.242,14,24,0.583,14,41,11,1,0,6,16,/cbb/schools/georgia-state/men/2025.html,Sun Belt MBB,Georgia State,0,-5,0,5
2024-2025,1,2024-11-04,Gonzaga Bulldogs Men's,Baylor,,W,101,63,40,71,0.563,13,31,0.419,8,13,0.615,15,43,24,8,3,11,18,23,62,0.371,3,21,0.143,14,20,0.7,13,31,11,8,4,11,14,/cbb/schools/gonzaga/men/2025.html,WCC MBB,Gonzaga,0,-38,0,38
2024-2025,1,2024-11-04,Grambling Tigers Men's,Southern–New Orleans,,W,92,42,37,72,0.514,12,25,0.48,6,12,0.5,9,47,13,10,8,12,13,16,63,0.254,2,14,0.143,8,15,0.533,6,32,7,8,3,18,12,/cbb/schools/grambling/men/2025.html,SWAC MBB,Grambling,NA,NA,NA,NA
2024-2025,1,2024-11-04,Grand Canyon Antelopes Men's,Cal State Fullerton,,W,89,79,28,59,0.475,10,31,0.323,23,32,0.719,16,36,15,9,1,17,26,24,50,0.48,7,17,0.412,24,30,0.8,8,25,11,10,1,17,25,/cbb/schools/grand-canyon/men/2025.html,WAC MBB,Grand Canyon,0,-10,0,10
2024-2025,1,2024-11-04,Green Bay Phoenix Men's,Oklahoma State,@,L,76,89,25,51,0.49,14,31,0.452,12,16,0.75,2,23,14,8,2,19,17,29,69,0.42,10,22,0.455,21,24,0.875,16,39,13,11,4,13,17,/cbb/schools/green-bay/men/2025.html,Horizon MBB,Green Bay,0,13,0,-13
2024-2025,1,2024-11-04,Hampton Pirates Men's,Mid-Atlantic Christian,,W,110,53,38,78,0.487,13,33,0.394,21,26,0.808,20,42,25,18,1,5,14,20,44,0.455,2,14,0.143,11,15,0.733,2,20,15,2,2,25,19,/cbb/schools/hampton/men/2025.html,CAA MBB,Hampton,NA,NA,NA,NA
2024-2025,1,2024-11-04,Harvard Crimson Men's,Marist,,W,79,66,30,48,0.625,7,17,0.412,12,16,0.75,5,27,12,6,3,12,15,26,63,0.413,8,20,0.4,6,10,0.6,8,23,10,10,1,8,14,/cbb/schools/harvard/men/2025.html,Ivy MBB,Harvard,0,-13,0,13
2024-2025,1,2024-11-04,Hofstra Pride Men's,Old Westbury,,W,89,62,30,66,0.455,11,34,0.324,18,23,0.783,9,44,17,9,4,10,15,23,64,0.359,10,24,0.417,6,8,0.75,2,30,14,5,2,14,23,/cbb/schools/hofstra/men/2025.html,CAA MBB,Hofstra,NA,NA,NA,NA
2024-2025,1,2024-11-04,Holy Cross Crusaders Men's,Wisconsin,@,L,61,85,23,53,0.434,9,24,0.375,6,7,0.857,3,20,8,4,2,12,20,29,59,0.492,11,31,0.355,16,16,1,7,32,15,7,2,11,14,/cbb/schools/holy-cross/men/2025.html,Patriot MBB,Holy Cross,0,24,0,-24
2024-2025,1,2024-11-04,Houston Cougars Men's,Jackson State,,W,97,40,39,67,0.582,12,20,0.6,7,7,1,11,37,19,12,6,9,13,13,47,0.277,4,23,0.174,10,15,0.667,7,23,8,3,3,20,14,/cbb/schools/houston/men/2025.html,Big 12 MBB,Houston,0,-57,0,57
2024-2025,1,2024-11-04,Houston Christian Huskies Men's,Avila,,W,86,59,31,70,0.443,9,35,0.257,15,24,0.625,11,43,14,11,4,8,15,24,61,0.393,4,15,0.267,7,15,0.467,4,33,12,6,3,13,17,/cbb/schools/houston-baptist/men/2025.html,Southland MBB,Houston Christian,NA,NA,NA,NA
2024-2025,1,2024-11-04,Howard Bison Men's,Kansas,@,L,57,87,22,58,0.379,8,22,0.364,5,12,0.417,8,26,12,9,1,15,12,32,53,0.604,11,22,0.5,12,16,0.75,5,33,20,11,7,14,14,/cbb/schools/howard/men/2025.html,MEAC MBB,Howard,0,30,0,-30
2024-2025,1,2024-11-04,Idaho Vandals Men's,Northwest University,,W,94,60,35,69,0.507,7,25,0.28,17,23,0.739,10,40,12,14,5,8,23,20,52,0.385,7,18,0.389,13,22,0.591,3,24,5,4,4,19,16,/cbb/schools/idaho/men/2025.html,Big Sky MBB,Idaho,NA,NA,NA,NA
2024-2025,1,2024-11-05,Idaho State Bengals Men's,Arizona State,@,L,48,55,17,67,0.254,4,28,0.143,10,13,0.769,14,41,6,4,4,8,16,20,55,0.364,7,24,0.292,8,12,0.667,6,37,12,6,9,14,15,/cbb/schools/idaho-state/men/2025.html,Big Sky MBB,Idaho State,0,7,0,-7
2024-2025,1,2024-11-04,Illinois Fighting Illini Men's,Eastern Illinois,,W,112,67,31,64,0.484,16,42,0.381,34,46,0.739,14,56,16,2,9,13,21,26,68,0.382,4,12,0.333,11,25,0.44,3,24,5,5,1,7,29,/cbb/schools/illinois/men/2025.html,Big Ten MBB,Illinois,0,-45,0,45
2024-2025,1,2024-11-04,Illinois State Redbirds Men's,UT-Martin,,L,65,67,18,62,0.29,8,41,0.195,21,28,0.75,8,39,13,6,2,9,19,26,66,0.394,7,25,0.28,8,18,0.444,10,46,14,6,3,14,25,/cbb/schools/illinois-state/men/2025.html,MVC MBB,Illinois State,0,2,NA,NA
2024-2025,1,2024-11-04,UIC Flames Men's,St. Francis (IL),,W,91,43,38,66,0.576,11,23,0.478,4,11,0.364,10,39,26,14,2,14,16,15,50,0.3,4,18,0.222,9,14,0.643,5,26,6,9,7,20,10,/cbb/schools/illinois-chicago/men/2025.html,MVC MBB,Illinois-Chicago,NA,NA,NA,NA
2024-2025,1,2024-11-04,Incarnate Word Cardinals Men's,California Baptist,@,L,78,83,31,61,0.508,11,23,0.478,5,9,0.556,11,35,6,2,4,11,22,31,65,0.477,5,17,0.294,16,23,0.696,12,30,15,6,1,5,12,/cbb/schools/incarnate-word/men/2025.html,Southland MBB,Incarnate Word,0,5,0,-5
2024-2025,1,2024-11-04,Indiana State Sycamores Men's,Florida Atlantic,N,L,64,97,21,64,0.328,13,37,0.351,9,14,0.643,6,27,15,11,1,21,23,34,61,0.557,11,23,0.478,18,27,0.667,7,43,18,15,6,16,18,/cbb/schools/indiana-state/men/2025.html,MVC MBB,Indiana State,0,33,0,-33
2024-2025,1,2024-11-04,Iona Gaels Men's,Princeton,@,L,80,81,30,56,0.536,6,13,0.462,14,22,0.636,10,31,14,7,0,16,21,31,56,0.554,8,26,0.308,11,22,0.5,8,24,14,6,2,9,15,/cbb/schools/iona/men/2025.html,MAAC MBB,Iona,0,1,0,-1
2024-2025,1,2024-11-04,Iowa Hawkeyes Men's,Texas A&M-Commerce,,W,89,67,32,70,0.457,10,29,0.345,15,20,0.75,14,35,23,13,10,14,13,29,62,0.468,7,24,0.292,2,6,0.333,10,31,12,5,5,24,18,/cbb/schools/iowa/men/2025.html,Big Ten MBB,Iowa,0,-22,0,22
2024-2025,1,2024-11-04,Iowa State Cyclones Men's,Mississippi Valley State,,W,83,44,28,59,0.475,5,21,0.238,22,29,0.759,11,36,16,16,6,12,12,19,51,0.373,1,12,0.083,5,11,0.455,5,29,8,9,1,23,19,/cbb/schools/iowa-state/men/2025.html,Big 12 MBB,Iowa State,0,-39,0,39
2024-2025,1,2024-11-04,IU Indianapolis Jaguars Men's,,,W,100,44,37,81,0.457,12,31,0.387,14,23,0.609,22,60,20,7,0,5,12,18,58,0.31,4,19,0.211,4,11,0.364,5,21,7,3,3,16,16,/cbb/schools/iupui/men/2025.html,Horizon MBB,IU Indy,NA,NA,NA,NA
2024-2025,1,2024-11-04,Jackson State Tigers Men's,Houston,@,L,40,97,13,47,0.277,4,23,0.174,10,15,0.667,7,23,8,3,3,20,14,39,67,0.582,12,20,0.6,7,7,1,11,37,19,12,6,9,13,/cbb/schools/jackson-state/men/2025.html,SWAC MBB,Jackson State,0,57,0,-57
2024-2025,1,2024-11-04,Jacksonville Dolphins Men's,Trinity Baptist,,W,78,65,29,73,0.397,6,32,0.188,14,22,0.636,20,47,19,12,3,12,18,23,56,0.411,8,25,0.32,11,16,0.688,3,26,6,6,1,18,17,/cbb/schools/jacksonville/men/2025.html,A-Sun MBB,Jacksonville,NA,NA,NA,NA
2024-2025,1,2024-11-04,Jacksonville State Gamecocks Men's,LaGrange,,W,112,48,43,73,0.589,9,26,0.346,17,18,0.944,11,59,20,6,2,7,4,19,75,0.253,5,36,0.139,5,5,1,6,23,10,5,3,7,13,/cbb/schools/jacksonville-state/men/2025.html,CUSA MBB,Jacksonville State,NA,NA,NA,NA
2024-2025,1,2024-11-04,James Madison Dukes Men's,Ohio,,W,88,78,31,57,0.544,10,20,0.5,16,26,0.615,9,36,15,6,4,13,19,30,59,0.508,7,18,0.389,11,20,0.55,4,21,11,8,2,9,19,/cbb/schools/james-madison/men/2025.html,Sun Belt MBB,James Madison,0,-10,0,10
2024-2025,1,2024-11-04,Kansas Jayhawks Men's,Howard,,W,87,57,32,53,0.604,11,22,0.5,12,16,0.75,5,33,20,11,7,14,14,22,58,0.379,8,22,0.364,5,12,0.417,8,26,12,9,1,15,12,/cbb/schools/kansas/men/2025.html,Big 12 MBB,Kansas,0,-30,0,30
2024-2025,1,2024-11-04,Kansas City Roos Men's,Hannibal-LaGrange,,W,91,68,28,62,0.452,13,37,0.351,22,34,0.647,20,40,17,15,0,12,9,26,54,0.481,11,27,0.407,5,10,0.5,11,27,19,6,5,20,22,/cbb/schools/missouri-kansas-city/men/2025.html,Summit MBB,Kansas City,NA,NA,NA,NA
2024-2025,1,2024-11-05,Kansas State Wildcats Men's,New Orleans,,W,89,65,34,73,0.466,13,34,0.382,8,12,0.667,18,41,24,7,4,9,12,25,64,0.391,9,20,0.45,6,7,0.857,12,33,13,7,3,12,13,/cbb/schools/kansas-state/men/2025.html,Big 12 MBB,Kansas State,0,-24,0,24
2024-2025,1,2024-11-05,Kennesaw State Owls Men's,Toccoa Falls,,W,110,61,41,85,0.482,10,34,0.294,18,32,0.563,27,62,20,10,4,9,13,23,66,0.348,4,18,0.222,11,16,0.688,5,24,5,7,5,16,19,/cbb/schools/kennesaw-state/men/2025.html,CUSA MBB,Kennesaw State,NA,NA,NA,NA
2024-2025,1,2024-11-04,Kent State Golden Flashes Men's,Louisiana,@,W,70,66,21,50,0.42,6,24,0.25,22,28,0.786,11,32,9,3,3,15,19,22,49,0.449,9,20,0.45,13,21,0.619,4,24,14,7,3,10,22,/cbb/schools/kent-state/men/2025.html,MAC MBB,Kent State,0,-4,0,4
2024-2025,1,2024-11-04,Kentucky Wildcats Men's,Wright State,,W,103,62,39,65,0.6,11,24,0.458,14,19,0.737,7,40,30,11,4,7,14,24,68,0.353,5,27,0.185,9,12,0.75,10,30,8,4,1,12,12,/cbb/schools/kentucky/men/2025.html,SEC MBB,Kentucky,0,-41,0,41
2024-2025,1,2024-11-04,La Salle Explorers Men's,American,,W,65,52,23,55,0.418,5,16,0.313,14,18,0.778,9,36,7,5,3,5,14,20,55,0.364,9,31,0.29,3,8,0.375,8,28,13,3,3,9,16,/cbb/schools/la-salle/men/2025.html,A-10 MBB,La Salle,0,-13,0,13
2024-2025,1,2024-11-04,Lafayette Leopards Men's,Villanova,@,L,63,75,24,59,0.407,7,20,0.35,8,12,0.667,8,21,18,8,3,12,14,31,60,0.517,4,13,0.308,9,11,0.818,11,36,15,9,4,16,14,/cbb/schools/lafayette/men/2025.html,Patriot MBB,Lafayette,0,12,0,-12
2024-2025,1,2024-11-04,Lamar Cardinals Men's,Paul Quinn,,W,113,42,46,82,0.561,9,31,0.29,12,22,0.545,11,44,32,21,3,8,14,16,53,0.302,2,12,0.167,8,16,0.5,4,28,7,5,1,29,16,/cbb/schools/lamar/men/2025.html,Southland MBB,Lamar,NA,NA,NA,NA
2024-2025,1,2024-11-04,Lehigh Mountain Hawks Men's,Northwestern,@,L,46,90,17,53,0.321,2,17,0.118,10,18,0.556,6,26,8,4,1,12,16,36,66,0.545,9,20,0.45,9,14,0.643,10,41,22,10,3,7,18,/cbb/schools/lehigh/men/2025.html,Patriot MBB,Lehigh,0,44,0,-44
2024-2025,1,2024-11-04,Liberty Flames Men's,Valparaiso,N,W,83,63,32,59,0.542,10,24,0.417,9,13,0.692,4,32,15,6,5,5,16,22,63,0.349,2,15,0.133,17,21,0.81,8,30,7,1,2,8,13,/cbb/schools/liberty/men/2025.html,CUSA MBB,Liberty,0,-20,0,20
2024-2025,1,2024-11-04,Lindenwood Lions Men's,Oklahoma,@,L,60,93,23,65,0.354,4,24,0.167,10,14,0.714,11,31,5,6,3,12,15,34,65,0.523,14,34,0.412,11,17,0.647,11,43,23,9,4,11,16,/cbb/schools/lindenwood/men/2025.html,OVC MBB,Lindenwood,0,33,0,-33
2024-2025,1,2024-11-04,Lipscomb Bisons Men's,Duquesne,@,W,77,72,25,48,0.521,9,21,0.429,18,26,0.692,2,30,16,3,2,16,18,28,62,0.452,6,20,0.3,10,19,0.526,8,32,10,6,4,14,22,/cbb/schools/lipscomb/men/2025.html,A-Sun MBB,Lipscomb,0,-5,0,5
2024-2025,1,2024-11-04,Little Rock Trojans Men's,Arkansas Baptist,,W,84,64,30,64,0.469,10,23,0.435,14,20,0.7,11,33,16,9,5,10,17,19,57,0.333,4,11,0.364,22,27,0.815,12,32,7,9,3,15,15,/cbb/schools/arkansas-little-rock/men/2025.html,OVC MBB,Little Rock,NA,NA,NA,NA
2024-2025,1,2024-11-04,Long Beach State Beach Men's,La Verne,,W,93,48,37,69,0.536,6,19,0.316,13,23,0.565,23,56,15,13,6,16,19,14,58,0.241,6,22,0.273,14,23,0.609,12,22,9,9,1,18,22,/cbb/schools/long-beach-state/men/2025.html,Big West MBB,Long Beach State,NA,NA,NA,NA
2024-2025,1,2024-11-04,LIU Sharks Men's,Ole Miss,@,L,60,90,20,58,0.345,5,15,0.333,15,24,0.625,8,26,6,9,5,15,22,28,57,0.491,9,22,0.409,25,32,0.781,9,36,12,10,13,14,18,/cbb/schools/long-island-university/men/2025.html,NEC MBB,Long Island University,0,30,NA,NA
2024-2025,1,2024-11-04,Longwood Lancers Men's,Randolph,,W,79,68,24,55,0.436,2,14,0.143,29,40,0.725,7,39,10,5,1,11,17,24,59,0.407,13,36,0.361,7,13,0.538,2,23,18,2,2,14,27,/cbb/schools/longwood/men/2025.html,Big South MBB,Longwood,NA,NA,NA,NA
2024-2025,1,2024-11-04,Louisiana Ragin' Cajuns Men's,Kent State,,L,66,70,22,49,0.449,9,20,0.45,13,21,0.619,4,24,14,7,3,10,22,21,50,0.42,6,24,0.25,22,28,0.786,11,32,9,3,3,15,19,/cbb/schools/louisiana-lafayette/men/2025.html,Sun Belt MBB,Louisiana,0,4,0,-4
2024-2025,1,2024-11-04,Louisiana Tech Bulldogs Men's,Louisiana State-Alexandria,,W,77,50,28,63,0.444,9,27,0.333,12,17,0.706,11,43,17,10,8,11,14,18,62,0.29,5,23,0.217,9,16,0.563,10,32,6,6,5,13,18,/cbb/schools/louisiana-tech/men/2025.html,CUSA MBB,Louisiana Tech,NA,NA,NA,NA
2024-2025,1,2024-11-04,Louisiana-Monroe Warhawks Men's,Champion Christian,,W,111,61,41,76,0.539,10,26,0.385,19,26,0.731,17,54,21,11,2,13,11,24,75,0.32,7,34,0.206,6,8,0.75,6,24,15,9,4,19,19,/cbb/schools/louisiana-monroe/men/2025.html,Sun Belt MBB,Louisiana-Monroe,NA,NA,NA,NA
2024-2025,1,2024-11-04,Louisville Cardinals Men's,Morehead State,,W,93,45,32,71,0.451,11,36,0.306,18,28,0.643,14,47,21,12,6,5,21,12,52,0.231,3,21,0.143,18,27,0.667,11,42,4,1,3,20,20,/cbb/schools/louisville/men/2025.html,ACC MBB,Louisville,0,-48,0,48
2024-2025,1,2024-11-04,Loyola (IL) Ramblers Men's,Chicago State,,W,79,72,26,63,0.413,6,25,0.24,21,29,0.724,8,38,14,6,5,8,19,26,62,0.419,8,26,0.308,12,20,0.6,4,31,12,8,6,12,23,/cbb/schools/loyola-il/men/2025.html,A-10 MBB,Loyola (IL),0,-7,0,7
2024-2025,1,2024-11-04,Loyola (MD) Greyhounds Men's,Columbia,,L,78,81,29,63,0.46,7,25,0.28,13,18,0.722,9,33,11,8,1,15,19,25,56,0.446,7,23,0.304,24,30,0.8,8,28,15,8,1,12,16,/cbb/schools/loyola-md/men/2025.html,Patriot MBB,Loyola (MD),0,3,0,-3
2024-2025,1,2024-11-04,Loyola Marymount Lions Men's,Life Pacific,,W,99,56,39,72,0.542,12,30,0.4,9,11,0.818,8,40,25,12,2,10,14,21,56,0.375,7,19,0.368,7,9,0.778,4,25,13,3,0,20,12,/cbb/schools/loyola-marymount/men/2025.html,WCC MBB,Loyola Marymount,NA,NA,NA,NA
2024-2025,1,2024-11-04,Maine Black Bears Men's,Duke,@,L,62,96,21,57,0.368,3,14,0.214,17,18,0.944,6,24,4,9,0,13,19,35,63,0.556,11,29,0.379,15,20,0.75,10,39,17,10,3,12,18,/cbb/schools/maine/men/2025.html,AEC MBB,Maine,0,34,0,-34
2024-2025,1,2024-11-04,Manhattan Jaspers Men's,Maryland,@,L,49,79,16,59,0.271,5,27,0.185,12,15,0.8,6,31,8,3,2,11,15,31,70,0.443,5,23,0.217,12,17,0.706,16,51,13,7,9,9,17,/cbb/schools/manhattan/men/2025.html,MAAC MBB,Manhattan,0,30,0,-30
2024-2025,1,2024-11-04,Marist Red Foxes Men's,Harvard,@,L,66,79,26,63,0.413,8,20,0.4,6,10,0.6,8,23,10,10,1,8,14,30,48,0.625,7,17,0.412,12,16,0.75,5,27,12,6,3,12,15,/cbb/schools/marist/men/2025.html,MAAC MBB,Marist,0,13,0,-13
2024-2025,1,2024-11-04,Marquette Golden Eagles Men's,Stony Brook,,W,102,62,40,68,0.588,9,31,0.29,13,17,0.765,10,39,22,10,2,7,16,22,60,0.367,7,25,0.28,11,15,0.733,10,26,12,3,1,13,14,/cbb/schools/marquette/men/2025.html,Big East MBB,Marquette,0,-40,0,40
2024-2025,1,2024-11-04,Marshall Thundering Herd Men's,Davis & Elkins,,W,90,57,32,68,0.471,8,34,0.235,18,23,0.783,16,42,18,16,4,16,20,21,58,0.362,2,14,0.143,13,22,0.591,10,29,7,6,3,22,17,/cbb/schools/marshall/men/2025.html,Sun Belt MBB,Marshall,NA,NA,NA,NA
2024-2025,1,2024-11-04,Maryland Terrapins Men's,Manhattan,,W,79,49,31,70,0.443,5,23,0.217,12,17,0.706,16,51,13,7,9,9,17,16,59,0.271,5,27,0.185,12,15,0.8,6,31,8,3,2,11,15,/cbb/schools/maryland/men/2025.html,Big Ten MBB,Maryland,0,-30,0,30
2024-2025,1,2024-11-04,UMBC Retrievers Men's,Penn St. - York,,W,95,66,34,74,0.459,10,28,0.357,17,29,0.586,15,47,13,4,4,7,22,21,68,0.309,4,15,0.267,20,27,0.741,12,41,3,3,4,11,19,/cbb/schools/maryland-baltimore-county/men/2025.html,AEC MBB,Maryland-Baltimore County,NA,NA,NA,NA
2024-2025,1,2024-11-04,Maryland-Eastern Shore Hawks Men's,Vanderbilt,@,L,63,102,23,52,0.442,7,21,0.333,10,19,0.526,4,30,7,1,0,15,19,36,72,0.5,8,34,0.235,22,33,0.667,14,43,18,11,4,1,15,/cbb/schools/maryland-eastern-shore/men/2025.html,MEAC MBB,Maryland-Eastern Shore,0,39,0,-39
2024-2025,1,2024-11-04,UMass Minutemen Men's,New Hampshire,,W,103,74,42,79,0.532,12,35,0.343,7,11,0.636,11,41,25,13,8,8,19,28,74,0.378,11,33,0.333,7,17,0.412,14,36,17,2,2,15,15,/cbb/schools/massachusetts/men/2025.html,A-10 MBB,Massachusetts,0,-29,0,29
2024-2025,1,2024-11-04,UMass-Lowell River Hawks Men's,Rivier,,W,115,59,40,67,0.597,10,19,0.526,25,31,0.806,15,55,23,5,7,13,4,25,73,0.342,8,33,0.242,1,2,0.5,2,15,10,5,0,10,22,/cbb/schools/massachusetts-lowell/men/2025.html,AEC MBB,Massachusetts-Lowell,NA,NA,NA,NA
2024-2025,1,2024-11-04,McNeese State Cowboys Men's,South Dakota State,N,L,73,80,23,59,0.39,7,26,0.269,20,27,0.741,8,28,10,13,2,11,17,28,61,0.459,12,35,0.343,12,16,0.75,11,41,15,5,4,15,17,/cbb/schools/mcneese-state/men/2025.html,Southland MBB,McNeese State,0,7,0,-7
2024-2025,1,2024-11-04,Memphis Tigers Men's,Missouri,,W,83,75,26,57,0.456,8,20,0.4,23,30,0.767,11,35,16,8,3,16,24,26,57,0.456,7,24,0.292,16,25,0.64,8,27,16,11,2,14,24,/cbb/schools/memphis/men/2025.html,AAC MBB,Memphis,0,-8,0,8
2024-2025,1,2024-11-04,Miami (FL) Hurricanes Men's,FDU,,W,113,72,46,69,0.667,7,17,0.412,14,18,0.778,9,36,16,11,1,7,21,25,53,0.472,7,23,0.304,15,24,0.625,5,17,10,2,1,14,19,/cbb/schools/miami-fl/men/2025.html,ACC MBB,Miami (FL),0,-41,0,41
2024-2025,1,2024-11-04,Miami (OH) RedHawks Men's,Appalachian State,@,W,77,63,27,59,0.458,11,25,0.44,12,13,0.923,4,29,9,13,4,14,18,21,53,0.396,9,32,0.281,12,21,0.571,10,30,11,8,5,18,16,/cbb/schools/miami-oh/men/2025.html,MAC MBB,Miami (OH),0,-14,0,14
2024-2025,1,2024-11-04,Michigan Wolverines Men's,Cleveland State,,W,101,53,39,57,0.684,10,18,0.556,13,22,0.591,6,28,22,11,8,16,16,21,70,0.3,2,19,0.105,9,11,0.818,18,31,5,10,4,20,21,/cbb/schools/michigan/men/2025.html,Big Ten MBB,Michigan,0,-48,0,48
2024-2025,1,2024-11-04,Michigan State Spartans Men's,Monmouth,,W,81,57,30,61,0.492,3,18,0.167,18,27,0.667,12,41,23,6,8,13,15,17,61,0.279,8,27,0.296,15,16,0.938,7,26,9,7,2,14,23,/cbb/schools/michigan-state/men/2025.html,Big Ten MBB,Michigan State,0,-24,0,24
2024-2025,1,2024-11-04,Middle Tennessee Blue Raiders Men's,Oglethorpe,,W,97,51,37,70,0.529,9,24,0.375,14,24,0.583,13,48,16,10,7,7,23,16,55,0.291,3,20,0.15,16,23,0.696,2,25,6,4,1,14,16,/cbb/schools/middle-tennessee/men/2025.html,CUSA MBB,Middle Tennessee,NA,NA,NA,NA
2024-2025,1,2024-11-04,Milwaukee Panthers Men's,Lakeland,,W,118,62,47,81,0.58,5,20,0.25,19,26,0.731,19,53,28,15,4,10,17,21,58,0.362,7,23,0.304,13,19,0.684,4,22,14,5,6,19,20,/cbb/schools/milwaukee/men/2025.html,Horizon MBB,Milwaukee,NA,NA,NA,NA
2024-2025,1,2024-11-04,Ole Miss Rebels Men's,LIU,,W,90,60,28,57,0.491,9,22,0.409,25,32,0.781,9,36,12,10,13,14,18,20,58,0.345,5,15,0.333,15,24,0.625,8,26,6,9,5,15,22,/cbb/schools/mississippi/men/2025.html,SEC MBB,Mississippi,0,-30,NA,NA
2024-2025,1,2024-11-04,Mississippi State Bulldogs Men's,West Georgia,,W,95,60,36,65,0.554,14,30,0.467,9,16,0.563,7,29,19,17,4,8,17,21,54,0.389,4,19,0.211,14,20,0.7,6,30,11,3,4,19,13,/cbb/schools/mississippi-state/men/2025.html,SEC MBB,Mississippi State,0,-35,0,35
2024-2025,1,2024-11-04,Mississippi Valley State Delta Devils Men's,Iowa State,@,L,44,83,19,51,0.373,1,12,0.083,5,11,0.455,5,29,8,9,1,23,19,28,59,0.475,5,21,0.238,22,29,0.759,11,36,16,16,6,12,12,/cbb/schools/mississippi-valley-state/men/2025.html,SWAC MBB,Mississippi Valley State,0,39,0,-39
2024-2025,1,2024-11-04,Missouri Tigers Men's,Memphis,@,L,75,83,26,57,0.456,7,24,0.292,16,25,0.64,8,27,16,11,2,14,24,26,57,0.456,8,20,0.4,23,30,0.767,11,35,16,8,3,16,24,/cbb/schools/missouri/men/2025.html,SEC MBB,Missouri,0,8,0,-8
2024-2025,1,2024-11-04,Missouri State Bears Men's,Butler,@,L,65,72,25,67,0.373,9,28,0.321,6,10,0.6,12,27,13,13,2,12,28,21,47,0.447,9,20,0.45,21,28,0.75,9,30,12,6,6,18,14,/cbb/schools/missouri-state/men/2025.html,MVC MBB,Missouri State,0,7,0,-7
2024-2025,1,2024-11-04,Monmouth Hawks Men's,Michigan State,@,L,57,81,17,61,0.279,8,27,0.296,15,16,0.938,7,26,9,7,2,14,23,30,61,0.492,3,18,0.167,18,27,0.667,12,41,23,6,8,13,15,/cbb/schools/monmouth/men/2025.html,CAA MBB,Monmouth,0,24,0,-24
2024-2025,1,2024-11-04,Montana Grizzlies Men's,Hawaii-Hilo,,W,92,61,38,67,0.567,4,22,0.182,12,23,0.522,13,41,15,7,9,7,16,23,63,0.365,5,18,0.278,10,13,0.769,8,25,11,2,1,16,22,/cbb/schools/montana/men/2025.html,Big Sky MBB,Montana,NA,NA,NA,NA
2024-2025,1,2024-11-04,Morehead State Eagles Men's,Louisville,@,L,45,93,12,52,0.231,3,21,0.143,18,27,0.667,11,42,4,1,3,20,20,32,71,0.451,11,36,0.306,18,28,0.643,14,47,21,12,6,5,21,/cbb/schools/morehead-state/men/2025.html,OVC MBB,Morehead State,0,48,0,-48
2024-2025,1,2024-11-04,Morgan State Bears Men's,Frostburg State,,W,89,76,35,61,0.574,5,8,0.625,14,20,0.7,8,35,10,7,1,16,11,28,74,0.378,10,34,0.294,10,12,0.833,12,32,14,7,2,15,18,/cbb/schools/morgan-state/men/2025.html,MEAC MBB,Morgan State,NA,NA,NA,NA
2024-2025,1,2024-11-04,Mount St. Mary's Mountaineers Men's,Notre Dame (MD),,W,98,62,33,60,0.55,8,24,0.333,24,30,0.8,13,48,21,12,7,24,18,22,72,0.306,7,28,0.25,11,17,0.647,9,23,13,15,2,21,19,/cbb/schools/mount-st-marys/men/2025.html,MAAC MBB,Mount St. Mary's,NA,NA,NA,NA
2024-2025,1,2024-11-04,Murray State Racers Men's,Bethel (TN),,W,113,37,40,65,0.615,14,25,0.56,19,27,0.704,10,41,25,18,7,14,14,14,56,0.25,1,12,0.083,8,14,0.571,13,26,3,5,4,31,17,/cbb/schools/murray-state/men/2025.html,MVC MBB,Murray State,NA,NA,NA,NA
2024-2025,1,2024-11-04,Navy Midshipmen Men's,St. Joseph's,@,L,63,70,24,67,0.358,6,22,0.273,9,11,0.818,10,34,10,9,3,13,26,20,46,0.435,8,22,0.364,22,29,0.759,3,32,9,6,11,17,16,/cbb/schools/navy/men/2025.html,Patriot MBB,Navy,0,7,NA,NA
2024-2025,1,2024-11-04,NC State Wolfpack Men's,USC Upstate,,W,97,66,38,68,0.559,9,27,0.333,12,21,0.571,14,42,22,9,8,11,24,21,62,0.339,3,21,0.143,21,27,0.778,15,35,8,7,0,16,21,/cbb/schools/north-carolina-state/men/2025.html,ACC MBB,NC State,0,-31,NA,NA
2024-2025,1,2024-11-04,Nebraska Cornhuskers Men's,Texas-Rio Grande Valley,,W,87,67,28,57,0.491,6,19,0.316,25,35,0.714,11,42,11,9,2,13,15,24,62,0.387,13,41,0.317,6,9,0.667,8,30,11,4,0,20,27,/cbb/schools/nebraska/men/2025.html,Big Ten MBB,Nebraska,0,-20,0,20
2024-2025,1,2024-11-04,Nevada Wolf Pack Men's,Sam Houston,,W,91,75,30,53,0.566,10,22,0.455,21,31,0.677,10,34,17,9,5,12,20,24,57,0.421,10,25,0.4,17,21,0.81,8,24,15,4,3,11,27,/cbb/schools/nevada/men/2025.html,MWC MBB,Nevada,0,-16,0,16
2024-2025,1,2024-11-04,UNLV Rebels Men's,Alabama State,,W,93,79,33,58,0.569,9,20,0.45,18,28,0.643,12,34,20,4,4,9,16,27,61,0.443,9,22,0.409,16,20,0.8,10,27,15,5,0,12,23,/cbb/schools/nevada-las-vegas/men/2025.html,MWC MBB,Nevada-Las Vegas,0,-14,0,14
2024-2025,1,2024-11-04,New Hampshire Wildcats Men's,UMass,@,L,74,103,28,74,0.378,11,33,0.333,7,17,0.412,14,36,17,2,2,15,15,42,79,0.532,12,35,0.343,7,11,0.636,11,41,25,13,8,8,19,/cbb/schools/new-hampshire/men/2025.html,AEC MBB,New Hampshire,0,29,NA,NA
2024-2025,1,2024-11-04,New Mexico Lobos Men's,Nicholls State,,W,91,84,31,81,0.383,7,36,0.194,22,32,0.688,16,45,18,10,10,8,16,30,72,0.417,15,37,0.405,9,16,0.563,11,44,18,4,4,16,24,/cbb/schools/new-mexico/men/2025.html,MWC MBB,New Mexico,0,-7,0,7
2024-2025,1,2024-11-04,New Mexico State Aggies Men's,New Mexico Highlands,,W,93,57,34,70,0.486,14,32,0.438,11,15,0.733,14,53,20,15,3,24,22,16,60,0.267,10,38,0.263,15,31,0.484,10,28,10,17,2,21,10,/cbb/schools/new-mexico-state/men/2025.html,CUSA MBB,New Mexico State,NA,NA,NA,NA
2024-2025,1,2024-11-05,New Orleans Privateers Men's,Kansas State,@,L,65,89,25,64,0.391,9,20,0.45,6,7,0.857,12,33,13,7,3,12,13,34,73,0.466,13,34,0.382,8,12,0.667,18,41,24,7,4,9,12,/cbb/schools/new-orleans/men/2025.html,Southland MBB,New Orleans,0,24,0,-24
2024-2025,1,2024-11-04,Niagara Purple Eagles Men's,Houghton,,W,100,65,35,61,0.574,12,27,0.444,18,25,0.72,9,36,22,10,3,12,21,23,61,0.377,6,22,0.273,13,24,0.542,9,29,12,9,2,20,19,/cbb/schools/niagara/men/2025.html,MAAC MBB,Niagara,NA,NA,NA,NA
2024-2025,1,2024-11-04,Nicholls State Colonels Men's,New Mexico,@,L,84,91,30,72,0.417,15,37,0.405,9,16,0.563,11,44,18,4,4,16,24,31,81,0.383,7,36,0.194,22,32,0.688,16,45,18,10,10,8,16,/cbb/schools/nicholls-state/men/2025.html,Southland MBB,Nicholls State,0,7,0,-7
2024-2025,1,2024-11-04,NJIT Highlanders Men's,Penn,,L,57,58,20,54,0.37,7,24,0.292,10,13,0.769,7,32,8,6,4,11,23,16,49,0.327,5,19,0.263,21,35,0.6,8,33,5,4,2,11,16,/cbb/schools/njit/men/2025.html,AEC MBB,NJIT,0,1,NA,NA
2024-2025,1,2024-11-04,Norfolk State Spartans Men's,Penn St.-Wilkes Barre,,W,96,41,35,63,0.556,7,21,0.333,19,21,0.905,7,39,24,14,4,9,12,17,55,0.309,4,17,0.235,3,5,0.6,4,21,5,6,0,19,16,/cbb/schools/norfolk-state/men/2025.html,MEAC MBB,Norfolk State,NA,NA,NA,NA
2024-2025,1,2024-11-04,North Alabama Lions Men's,Air Force,@,W,73,57,27,58,0.466,15,29,0.517,4,9,0.444,5,31,13,6,3,5,19,18,46,0.391,9,26,0.346,12,17,0.706,5,30,13,2,4,13,12,/cbb/schools/north-alabama/men/2025.html,A-Sun MBB,North Alabama,0,-16,0,16
2024-2025,1,2024-11-04,UNC Tar Heels Men's,Elon,,W,90,76,32,80,0.4,13,32,0.406,13,16,0.813,15,39,22,11,7,6,13,26,61,0.426,13,29,0.448,11,14,0.786,9,37,11,4,5,15,12,/cbb/schools/north-carolina/men/2025.html,ACC MBB,North Carolina,0,-14,0,14
2024-2025,1,2024-11-04,North Carolina A&T Aggies Men's,Cheyney,,W,107,55,38,75,0.507,14,38,0.368,17,25,0.68,15,54,24,9,0,10,20,17,55,0.309,7,25,0.28,14,33,0.424,6,30,8,6,4,16,23,/cbb/schools/north-carolina-at/men/2025.html,CAA MBB,North Carolina A&T,NA,NA,NA,NA
2024-2025,1,2024-11-04,North Carolina Central Eagles Men's,George Mason,@,L,58,75,16,57,0.281,5,21,0.238,21,25,0.84,9,24,7,8,2,10,30,21,51,0.412,2,17,0.118,31,41,0.756,16,44,12,6,1,16,19,/cbb/schools/north-carolina-central/men/2025.html,MEAC MBB,North Carolina Central,0,17,0,-17
2024-2025,1,2024-11-04,North Dakota Fighting Hawks Men's,Colorado State,@,L,56,82,17,48,0.354,5,16,0.313,17,23,0.739,3,29,5,4,3,20,19,35,60,0.583,4,17,0.235,8,19,0.421,5,35,25,12,6,10,23,/cbb/schools/north-dakota/men/2025.html,Summit MBB,North Dakota,0,26,0,-26
2024-2025,1,2024-11-04,North Dakota State Bison Men's,Jamestown,,W,96,59,35,62,0.565,13,28,0.464,13,20,0.65,15,41,19,6,2,5,9,23,56,0.411,6,19,0.316,7,9,0.778,3,16,6,2,0,9,15,/cbb/schools/north-dakota-state/men/2025.html,Summit MBB,North Dakota State,NA,NA,NA,NA
2024-2025,1,2024-11-04,North Florida Ospreys Men's,South Carolina,@,W,74,71,29,69,0.42,10,29,0.345,6,13,0.462,13,37,10,6,4,9,20,26,56,0.464,5,16,0.313,14,25,0.56,7,34,15,5,8,10,14,/cbb/schools/north-florida/men/2025.html,A-Sun MBB,North Florida,0,-3,0,3
2024-2025,1,2024-11-05,North Texas Mean Green Men's,Evansville,,W,80,63,26,57,0.456,9,24,0.375,19,24,0.792,13,33,12,10,0,8,11,22,47,0.468,8,26,0.308,11,17,0.647,3,21,11,4,4,13,18,/cbb/schools/north-texas/men/2025.html,AAC MBB,North Texas,0,-17,0,17
2024-2025,1,2024-11-04,Northeastern Huskies Men's,Boston University,@,W,80,72,30,47,0.638,7,16,0.438,13,22,0.591,3,23,13,10,7,12,17,29,62,0.468,9,21,0.429,5,11,0.455,12,27,16,5,2,11,15,/cbb/schools/northeastern/men/2025.html,CAA MBB,Northeastern,0,-8,0,8
2024-2025,1,2024-11-04,Northern Arizona Lumberjacks Men's,Park (AZ),,W,100,49,37,72,0.514,10,33,0.303,16,22,0.727,16,48,16,15,2,10,14,16,55,0.291,7,25,0.28,10,14,0.714,4,22,10,3,2,23,15,/cbb/schools/northern-arizona/men/2025.html,Big Sky MBB,Northern Arizona,NA,NA,NA,NA
2024-2025,1,2024-11-04,Northern Colorado Bears Men's,Colorado College,,W,75,55,27,59,0.458,7,26,0.269,14,19,0.737,16,44,13,9,5,15,16,20,57,0.351,7,27,0.259,8,16,0.5,6,22,10,6,1,13,17,/cbb/schools/northern-colorado/men/2025.html,Big Sky MBB,Northern Colorado,NA,NA,NA,NA
2024-2025,1,2024-11-04,Northern Illinois Huskies Men's,Georgia Southern,@,L,65,80,22,57,0.386,8,30,0.267,13,17,0.765,8,34,12,9,5,19,15,31,64,0.484,12,27,0.444,6,12,0.5,8,31,17,14,2,15,21,/cbb/schools/northern-illinois/men/2025.html,MAC MBB,Northern Illinois,0,15,0,-15
2024-2025,1,2024-11-04,Northern Iowa Panthers Men's,Dubuque,,W,96,54,35,67,0.522,5,17,0.294,21,24,0.875,17,48,16,10,5,13,14,18,60,0.3,10,33,0.303,8,9,0.889,5,22,7,9,1,18,19,/cbb/schools/northern-iowa/men/2025.html,MVC MBB,Northern Iowa,NA,NA,NA,NA
2024-2025,1,2024-11-04,Northern Kentucky Norse Men's,Florida State,@,L,62,74,19,49,0.388,7,28,0.25,17,23,0.739,4,32,14,7,1,22,17,28,63,0.444,4,22,0.182,14,18,0.778,6,28,14,14,6,12,18,/cbb/schools/northern-kentucky/men/2025.html,Horizon MBB,Northern Kentucky,0,12,0,-12
2024-2025,1,2024-11-04,Northwestern Wildcats Men's,Lehigh,,W,90,46,36,66,0.545,9,20,0.45,9,14,0.643,10,41,22,10,3,7,18,17,53,0.321,2,17,0.118,10,18,0.556,6,26,8,4,1,12,16,/cbb/schools/northwestern/men/2025.html,Big Ten MBB,Northwestern,0,-44,0,44
2024-2025,1,2024-11-04,Northwestern State Demons Men's,Dallas Christian,,W,96,55,31,62,0.5,10,27,0.37,24,28,0.857,11,30,15,13,6,8,16,18,55,0.327,7,26,0.269,12,14,0.857,10,30,7,4,3,22,21,/cbb/schools/northwestern-state/men/2025.html,Southland MBB,Northwestern State,NA,NA,NA,NA
2024-2025,1,2024-11-04,Oakland Golden Grizzlies Men's,Defiance,,W,75,52,29,67,0.433,9,32,0.281,8,12,0.667,20,49,15,8,3,13,11,20,59,0.339,8,31,0.258,4,6,0.667,7,24,11,3,4,13,16,/cbb/schools/oakland/men/2025.html,Horizon MBB,Oakland,NA,NA,NA,NA
2024-2025,1,2024-11-04,Ohio Bobcats Men's,James Madison,@,L,78,88,30,59,0.508,7,18,0.389,11,20,0.55,4,21,11,8,2,9,19,31,57,0.544,10,20,0.5,16,26,0.615,9,36,15,6,4,13,19,/cbb/schools/ohio/men/2025.html,MAC MBB,Ohio,0,10,0,-10
2024-2025,1,2024-11-04,Ohio State Buckeyes Men's,Texas,N,W,80,72,27,60,0.45,14,28,0.5,12,14,0.857,7,34,16,2,1,14,19,25,68,0.368,7,28,0.25,15,20,0.75,11,30,15,5,2,9,14,/cbb/schools/ohio-state/men/2025.html,Big Ten MBB,Ohio State,0,-8,0,8
2024-2025,1,2024-11-04,Oklahoma Sooners Men's,Lindenwood,,W,93,60,34,65,0.523,14,34,0.412,11,17,0.647,11,43,23,9,4,11,16,23,65,0.354,4,24,0.167,10,14,0.714,11,31,5,6,3,12,15,/cbb/schools/oklahoma/men/2025.html,SEC MBB,Oklahoma,0,-33,0,33
2024-2025,1,2024-11-04,Oklahoma State Cowboys Men's,Green Bay,,W,89,76,29,69,0.42,10,22,0.455,21,24,0.875,16,39,13,11,4,13,17,25,51,0.49,14,31,0.452,12,16,0.75,2,23,14,8,2,19,17,/cbb/schools/oklahoma-state/men/2025.html,Big 12 MBB,Oklahoma State,0,-13,0,13
2024-2025,1,2024-11-04,Old Dominion Monarchs Men's,Buffalo,,L,82,83,33,77,0.429,12,30,0.4,4,8,0.5,17,41,15,9,4,14,13,32,57,0.561,10,22,0.455,9,17,0.529,5,28,17,9,6,13,10,/cbb/schools/old-dominion/men/2025.html,Sun Belt MBB,Old Dominion,0,1,0,-1
2024-2025,1,2024-11-04,Omaha Mavericks Men's,Mid-America Christian,,W,85,69,30,52,0.577,11,24,0.458,14,20,0.7,5,36,12,6,1,16,17,24,59,0.407,9,25,0.36,12,20,0.6,8,27,9,11,1,11,21,/cbb/schools/nebraska-omaha/men/2025.html,Summit MBB,Omaha,NA,NA,NA,NA
2024-2025,1,2024-11-04,Oregon Ducks Men's,UC-Riverside,,W,91,76,33,66,0.5,6,19,0.316,19,25,0.76,13,41,16,5,4,8,16,29,65,0.446,12,34,0.353,6,12,0.5,7,26,13,5,2,8,23,/cbb/schools/oregon/men/2025.html,Big Ten MBB,Oregon,0,-15,NA,NA
2024-2025,1,2024-11-04,Oregon State Beavers Men's,Utah Tech,,W,80,57,32,64,0.5,6,24,0.25,10,16,0.625,9,36,16,8,5,9,19,19,57,0.333,5,25,0.2,14,23,0.609,8,33,10,4,0,12,20,/cbb/schools/oregon-state/men/2025.html,WCC MBB,Oregon State,0,-23,0,23
2024-2025,1,2024-11-04,Pacific Tigers Men's,William Jessup,,W,92,65,38,65,0.585,10,23,0.435,6,11,0.545,6,43,31,4,4,12,20,21,65,0.323,9,31,0.29,14,21,0.667,6,25,15,7,2,8,16,/cbb/schools/pacific/men/2025.html,WCC MBB,Pacific,NA,NA,NA,NA
2024-2025,1,2024-11-04,Penn State Nittany Lions Men's,Binghamton,,W,108,66,35,69,0.507,13,31,0.419,25,32,0.781,14,38,17,16,7,5,17,24,56,0.429,7,19,0.368,11,15,0.733,8,27,14,2,1,21,26,/cbb/schools/penn-state/men/2025.html,Big Ten MBB,Penn State,0,-42,0,42
2024-2025,1,2024-11-04,Penn Quakers Men's,NJIT,@,W,58,57,16,49,0.327,5,19,0.263,21,35,0.6,8,33,5,4,2,11,16,20,54,0.37,7,24,0.292,10,13,0.769,7,32,8,6,4,11,23,/cbb/schools/pennsylvania/men/2025.html,Ivy MBB,Pennsylvania,0,-1,0,1
2024-2025,1,2024-11-04,Pitt Panthers Men's,Radford,,W,96,56,36,65,0.554,8,23,0.348,16,21,0.762,10,40,18,11,8,8,18,18,58,0.31,5,19,0.263,15,20,0.75,9,29,7,4,3,14,21,/cbb/schools/pittsburgh/men/2025.html,ACC MBB,Pittsburgh,0,-40,0,40
2024-2025,1,2024-11-04,Portland State Vikings Men's,Washington State,@,L,92,100,33,68,0.485,12,27,0.444,14,21,0.667,13,26,16,9,4,15,24,30,57,0.526,15,32,0.469,25,32,0.781,9,34,15,6,4,20,25,/cbb/schools/portland-state/men/2025.html,Big Sky MBB,Portland State,0,8,0,-8
2024-2025,1,2024-11-04,Prairie View Panthers Men's,,,W,111,90,41,66,0.621,9,22,0.409,20,29,0.69,10,33,20,10,1,10,22,32,60,0.533,9,24,0.375,17,26,0.654,9,29,8,4,1,18,22,/cbb/schools/prairie-view/men/2025.html,SWAC MBB,Prairie View,NA,NA,NA,NA
2024-2025,1,2024-11-04,Presbyterian Blue Hose Men's,Charlotte,@,L,79,88,32,57,0.561,9,21,0.429,6,10,0.6,9,28,16,3,4,9,16,31,54,0.574,11,22,0.5,15,19,0.789,3,16,19,6,0,4,9,/cbb/schools/presbyterian/men/2025.html,Big South MBB,Presbyterian,0,9,0,-9
2024-2025,1,2024-11-04,Princeton Tigers Men's,Iona,,W,81,80,31,56,0.554,8,26,0.308,11,22,0.5,8,24,14,6,2,9,15,30,56,0.536,6,13,0.462,14,22,0.636,10,31,14,7,0,16,21,/cbb/schools/princeton/men/2025.html,Ivy MBB,Princeton,0,-1,0,1
2024-2025,1,2024-11-04,Providence Friars Men's,Central Connecticut,,W,59,55,20,53,0.377,8,32,0.25,11,15,0.733,13,39,12,3,3,15,19,17,54,0.315,0,8,0,21,26,0.808,7,28,3,12,3,6,16,/cbb/schools/providence/men/2025.html,Big East MBB,Providence,0,-4,NA,NA
2024-2025,1,2024-11-04,Purdue Boilermakers Men's,Texas A&M-Corpus Christi,,W,90,73,31,55,0.564,11,26,0.423,17,27,0.63,8,37,24,4,6,16,7,30,67,0.448,6,19,0.316,7,7,1,6,25,14,10,0,9,25,/cbb/schools/purdue/men/2025.html,Big Ten MBB,Purdue,0,-17,0,17
2024-2025,1,2024-11-04,Purdue Fort Wayne Mastodons Men's,Bluffton,,W,99,47,39,66,0.591,10,27,0.37,11,13,0.846,6,38,17,14,7,11,13,17,59,0.288,7,29,0.241,6,10,0.6,8,28,9,7,1,22,12,/cbb/schools/ipfw/men/2025.html,Horizon MBB,Purdue Fort Wayne,NA,NA,NA,NA
2024-2025,1,2024-11-04,Queens (NC) Royals Men's,Lynchburg,,W,90,39,30,67,0.448,13,36,0.361,17,29,0.586,13,50,21,18,10,17,16,10,62,0.161,2,26,0.077,17,25,0.68,15,41,6,11,8,27,21,/cbb/schools/queens-nc/men/2025.html,A-Sun MBB,Queens (NC),NA,NA,NA,NA
2024-2025,1,2024-11-04,Quinnipiac Bobcats Men's,Yale,@,L,62,88,19,60,0.317,7,32,0.219,17,18,0.944,7,23,10,10,7,13,24,30,65,0.462,7,20,0.35,21,27,0.778,18,42,19,7,4,15,16,/cbb/schools/quinnipiac/men/2025.html,MAAC MBB,Quinnipiac,0,26,0,-26
2024-2025,1,2024-11-04,Radford Highlanders Men's,Pitt,@,L,56,96,18,58,0.31,5,19,0.263,15,20,0.75,9,29,7,4,3,14,21,36,65,0.554,8,23,0.348,16,21,0.762,10,40,18,11,8,8,18,/cbb/schools/radford/men/2025.html,Big South MBB,Radford,0,40,NA,NA
2024-2025,1,2024-11-04,Rhode Island Rams Men's,Fairfield,,W,96,58,28,52,0.538,6,11,0.545,34,41,0.829,6,44,14,1,4,11,24,19,70,0.271,4,29,0.138,16,27,0.593,15,34,12,4,7,10,32,/cbb/schools/rhode-island/men/2025.html,A-10 MBB,Rhode Island,0,-38,0,38
2024-2025,1,2024-11-05,Rice Owls Men's,Florida International,,W,77,70,24,52,0.462,6,24,0.25,23,38,0.605,8,34,16,3,5,15,18,23,63,0.365,6,18,0.333,18,24,0.75,9,38,12,11,4,11,31,/cbb/schools/rice/men/2025.html,AAC MBB,Rice,0,-7,0,7
2024-2025,1,2024-11-04,Rider Broncs Men's,UCLA,@,L,50,85,20,63,0.317,5,20,0.25,5,13,0.385,16,34,13,6,2,11,17,34,65,0.523,10,29,0.345,7,12,0.583,13,41,21,6,9,9,13,/cbb/schools/rider/men/2025.html,MAAC MBB,Rider,0,35,0,-35
2024-2025,1,2024-11-04,Robert Morris Colonials Men's,West Virginia,@,L,59,87,22,68,0.324,6,24,0.25,9,12,0.75,15,40,8,6,1,13,12,33,60,0.55,14,34,0.412,7,12,0.583,6,34,16,10,8,11,14,/cbb/schools/robert-morris/men/2025.html,Horizon MBB,Robert Morris,0,28,0,-28
2024-2025,1,2024-11-05,Sacramento State Hornets Men's,Cal State Maritime,,W,106,44,41,63,0.651,17,32,0.531,7,14,0.5,6,44,35,13,10,17,22,14,61,0.23,4,31,0.129,12,19,0.632,12,28,7,8,0,22,15,/cbb/schools/sacramento-state/men/2025.html,Big Sky MBB,Sacramento State,NA,NA,NA,NA
2024-2025,1,2024-11-04,Sacred Heart Pioneers Men's,Temple,@,L,70,81,29,68,0.426,5,21,0.238,7,11,0.636,11,35,11,10,3,16,20,27,55,0.491,11,23,0.478,16,23,0.696,6,32,14,10,5,16,12,/cbb/schools/sacred-heart/men/2025.html,MAAC MBB,Sacred Heart,0,11,0,-11
2024-2025,1,2024-11-04,Saint Francis (PA) Red Flash Men's,Dayton,@,L,57,87,22,58,0.379,6,21,0.286,7,11,0.636,4,28,11,3,3,12,19,31,68,0.456,8,32,0.25,17,25,0.68,15,44,20,8,4,7,12,/cbb/schools/saint-francis-pa/men/2025.html,NEC MBB,Saint Francis (PA),0,30,0,-30
2024-2025,1,2024-11-04,St. Joseph's Hawks Men's,Navy,,W,70,63,20,46,0.435,8,22,0.364,22,29,0.759,3,32,9,6,11,17,16,24,67,0.358,6,22,0.273,9,11,0.818,10,34,10,9,3,13,26,/cbb/schools/saint-josephs/men/2025.html,A-10 MBB,Saint Joseph's,0,-7,0,7
2024-2025,1,2024-11-04,Saint Louis Billikens Men's,Santa Clara,N,L,78,85,29,61,0.475,12,34,0.353,8,10,0.8,8,33,13,4,3,17,19,28,66,0.424,12,35,0.343,17,20,0.85,13,32,11,8,3,12,14,/cbb/schools/saint-louis/men/2025.html,A-10 MBB,Saint Louis,0,7,0,-7
2024-2025,1,2024-11-04,Saint Mary's Gaels Men's,Towson,,W,76,69,25,54,0.463,4,16,0.25,22,29,0.759,12,37,11,4,1,9,19,27,64,0.422,4,13,0.308,11,19,0.579,11,27,13,2,3,7,25,/cbb/schools/saint-marys-ca/men/2025.html,WCC MBB,Saint Mary's (CA),0,-7,0,7
2024-2025,1,2024-11-04,St. Peter's Peacocks Men's,Seton Hall,@,L,53,57,15,42,0.357,7,20,0.35,16,25,0.64,7,31,7,9,3,17,30,14,44,0.318,5,16,0.313,24,37,0.649,10,27,10,10,4,14,23,/cbb/schools/saint-peters/men/2025.html,MAAC MBB,Saint Peter's,0,4,0,-4
2024-2025,1,2024-11-04,Sam Houston Bearkats Men's,Nevada,@,L,75,91,24,57,0.421,10,25,0.4,17,21,0.81,8,24,15,4,3,11,27,30,53,0.566,10,22,0.455,21,31,0.677,10,34,17,9,5,12,20,/cbb/schools/sam-houston-state/men/2025.html,CUSA MBB,Sam Houston,0,16,0,-16
2024-2025,1,2024-11-04,Samford Bulldogs Men's,Mississippi College,,W,100,58,39,74,0.527,10,30,0.333,12,19,0.632,11,41,24,9,8,7,17,19,61,0.311,7,25,0.28,13,18,0.722,10,30,12,3,6,16,16,/cbb/schools/samford/men/2025.html,Southern MBB,Samford,NA,NA,NA,NA
2024-2025,1,2024-11-05,San Francisco Dons Men's,Cal Poly,,W,86,78,28,62,0.452,7,28,0.25,23,28,0.821,8,33,15,12,8,15,18,26,64,0.406,12,34,0.353,14,15,0.933,5,28,17,12,2,16,21,/cbb/schools/san-francisco/men/2025.html,WCC MBB,San Francisco,0,-8,0,8
2024-2025,1,2024-11-04,San Jose State Spartans Men's,Western Illinois,,L,55,59,16,46,0.348,3,16,0.188,20,29,0.69,4,25,6,5,0,5,15,22,51,0.431,7,24,0.292,8,10,0.8,6,32,10,3,2,12,24,/cbb/schools/san-jose-state/men/2025.html,MWC MBB,San Jose State,0,4,0,-4
2024-2025,1,2024-11-04,Santa Clara Broncos Men's,Saint Louis,N,W,85,78,28,66,0.424,12,35,0.343,17,20,0.85,13,32,11,8,3,12,14,29,61,0.475,12,34,0.353,8,10,0.8,8,33,13,4,3,17,19,/cbb/schools/santa-clara/men/2025.html,WCC MBB,Santa Clara,0,-7,0,7
2024-2025,1,2024-11-04,Seton Hall Pirates Men's,St. Peter's,,W,57,53,14,44,0.318,5,16,0.313,24,37,0.649,10,27,10,10,4,14,23,15,42,0.357,7,20,0.35,16,25,0.64,7,31,7,9,3,17,30,/cbb/schools/seton-hall/men/2025.html,Big East MBB,Seton Hall,0,-4,NA,NA
2024-2025,1,2024-11-04,Siena Saints Men's,Brown,,W (1 OT),72,71,24,66,0.364,5,20,0.25,19,28,0.679,15,36,7,10,4,12,15,28,64,0.438,7,22,0.318,8,13,0.615,15,40,8,6,9,16,24,/cbb/schools/siena/men/2025.html,MAAC MBB,Siena,0,-1,0,1
2024-2025,1,2024-11-04,South Alabama Jaguars Men's,Central Michigan,,L,70,74,25,53,0.472,9,28,0.321,11,16,0.688,5,23,15,5,1,15,13,26,52,0.5,9,31,0.29,13,17,0.765,9,30,17,11,1,12,13,/cbb/schools/south-alabama/men/2025.html,Sun Belt MBB,South Alabama,0,4,0,-4
2024-2025,1,2024-11-04,South Carolina Gamecocks Men's,North Florida,,L,71,74,26,56,0.464,5,16,0.313,14,25,0.56,7,34,15,5,8,10,14,29,69,0.42,10,29,0.345,6,13,0.462,13,37,10,6,4,9,20,/cbb/schools/south-carolina/men/2025.html,SEC MBB,South Carolina,0,3,0,-3
2024-2025,1,2024-11-04,South Carolina State Bulldogs Men's,Morris College,,W,137,55,45,68,0.662,22,34,0.647,25,30,0.833,13,37,25,15,3,16,16,21,57,0.368,4,18,0.222,9,16,0.563,9,19,4,5,0,23,21,/cbb/schools/south-carolina-state/men/2025.html,MEAC MBB,South Carolina State,NA,NA,NA,NA
2024-2025,1,2024-11-04,USC Upstate Spartans Men's,NC State,@,L,66,97,21,62,0.339,3,21,0.143,21,27,0.778,15,35,8,7,0,16,21,38,68,0.559,9,27,0.333,12,21,0.571,14,42,22,9,8,11,24,/cbb/schools/south-carolina-upstate/men/2025.html,Big South MBB,South Carolina Upstate,0,31,0,-31
2024-2025,1,2024-11-04,South Dakota Coyotes Men's,Southern,,W,93,79,32,62,0.516,10,24,0.417,19,32,0.594,9,29,17,10,6,11,22,28,64,0.438,5,20,0.25,18,24,0.75,14,36,9,5,5,17,25,/cbb/schools/south-dakota/men/2025.html,Summit MBB,South Dakota,0,-14,0,14
2024-2025,1,2024-11-04,South Dakota State Jackrabbits Men's,McNeese State,N,W,80,73,28,61,0.459,12,35,0.343,12,16,0.75,11,41,15,5,4,15,17,23,59,0.39,7,26,0.269,20,27,0.741,8,28,10,13,2,11,17,/cbb/schools/south-dakota-state/men/2025.html,Summit MBB,South Dakota State,0,-7,0,7
2024-2025,1,2024-11-04,South Florida Bulls Men's,Florida,N,L,83,98,28,63,0.444,13,27,0.481,14,17,0.824,10,29,16,8,0,15,27,33,63,0.524,5,26,0.192,27,33,0.818,11,37,12,8,5,8,16,/cbb/schools/south-florida/men/2025.html,AAC MBB,South Florida,0,15,0,-15
2024-2025,1,2024-11-04,Southeast Missouri State Redhawks Men's,Bradley,@,L,60,88,24,57,0.421,6,23,0.261,6,10,0.6,7,24,8,11,2,17,20,30,54,0.556,10,23,0.435,18,25,0.72,10,36,15,10,3,15,10,/cbb/schools/southeast-missouri-state/men/2025.html,OVC MBB,Southeast Missouri State,0,28,0,-28
2024-2025,1,2024-11-04,Southeastern Louisiana Lions Men's,William Carey,,W,91,53,32,63,0.508,9,23,0.391,18,21,0.857,10,40,13,7,3,11,17,18,60,0.3,7,33,0.212,10,16,0.625,9,25,5,6,1,13,15,/cbb/schools/southeastern-louisiana/men/2025.html,Southland MBB,Southeastern Louisiana,NA,NA,NA,NA
2024-2025,1,2024-11-04,Southern Jaguars Men's,South Dakota,@,L,79,93,28,64,0.438,5,20,0.25,18,24,0.75,14,36,9,5,5,17,25,32,62,0.516,10,24,0.417,19,32,0.594,9,29,17,10,6,11,22,/cbb/schools/southern/men/2025.html,SWAC MBB,Southern,0,14,0,-14
2024-2025,1,2024-11-04,USC Trojans Men's,Chattanooga,,W,77,51,32,64,0.5,8,25,0.32,5,7,0.714,8,32,21,9,3,9,17,15,54,0.278,6,34,0.176,15,19,0.789,11,31,13,6,2,13,13,/cbb/schools/southern-california/men/2025.html,Big Ten MBB,Southern California,0,-26,0,26
2024-2025,1,2024-11-04,Southern Illinois Salukis Men's,College of Charleston,N,L,80,90,25,62,0.403,5,21,0.238,25,33,0.758,9,26,12,11,1,9,21,31,55,0.564,9,20,0.45,19,30,0.633,5,29,17,3,4,15,23,/cbb/schools/southern-illinois/men/2025.html,MVC MBB,Southern Illinois,0,10,0,-10
2024-2025,1,2024-11-04,SIU-Edwardsville Cougars Men's,Westminster (MO),,W,95,42,39,82,0.476,6,22,0.273,11,18,0.611,17,48,22,18,2,10,12,15,50,0.3,9,19,0.474,3,4,0.75,3,29,13,4,1,32,19,/cbb/schools/southern-illinois-edwardsville/men/2025.html,OVC MBB,SIU Edwardsville,NA,NA,NA,NA
2024-2025,1,2024-11-04,Southern Indiana Screaming Eagles Men's,DePaul,@,L (1 OT),78,80,31,62,0.5,6,14,0.429,10,12,0.833,7,35,9,4,3,14,16,29,64,0.453,14,37,0.378,8,22,0.364,9,32,11,6,4,10,13,/cbb/schools/southern-indiana/men/2025.html,OVC MBB,Southern Indiana,0,2,0,-2
2024-2025,1,2024-11-04,SMU Mustangs Men's,Tarleton State,,W,96,62,34,63,0.54,11,26,0.423,17,22,0.773,12,34,20,13,4,13,18,18,49,0.367,6,13,0.462,20,24,0.833,7,24,8,5,3,22,16,/cbb/schools/southern-methodist/men/2025.html,ACC MBB,Southern Methodist,0,-34,0,34
2024-2025,1,2024-11-04,Southern Miss Golden Eagles Men's,Bowling Green State,,W,77,68,30,61,0.492,5,22,0.227,12,14,0.857,2,29,17,9,10,12,8,27,66,0.409,10,28,0.357,4,8,0.5,7,31,11,8,3,13,13,/cbb/schools/southern-mississippi/men/2025.html,Sun Belt MBB,Southern Mississippi,0,-9,0,9
2024-2025,1,2024-11-04,Southern Utah Thunderbirds Men's,Western New Mexico,,W,96,68,35,72,0.486,10,26,0.385,16,20,0.8,13,42,18,7,6,10,17,25,65,0.385,7,18,0.389,11,12,0.917,7,29,10,6,4,15,18,/cbb/schools/southern-utah/men/2025.html,WAC MBB,Southern Utah,NA,NA,NA,NA
2024-2025,1,2024-11-04,St. Bonaventure Bonnies Men's,Cal State Northridge,,W,70,56,20,55,0.364,7,32,0.219,23,34,0.676,12,37,10,10,5,16,14,20,54,0.37,6,19,0.316,10,16,0.625,6,32,14,8,1,21,26,/cbb/schools/st-bonaventure/men/2025.html,A-10 MBB,St. Bonaventure,0,-14,0,14
2024-2025,1,2024-11-04,St. John's (NY) Red Storm Men's,Fordham,,W,92,60,36,66,0.545,9,26,0.346,11,15,0.733,7,34,19,11,4,11,19,20,55,0.364,8,23,0.348,12,20,0.6,8,29,9,5,1,19,13,/cbb/schools/st-johns-ny/men/2025.html,Big East MBB,St. John's (NY),0,-32,0,32
2024-2025,1,2024-11-04,St. Thomas Tommies Men's,North Central (MN),,W,96,71,32,71,0.451,10,26,0.385,22,27,0.815,16,45,20,5,4,10,12,27,66,0.409,9,27,0.333,8,13,0.615,8,32,19,7,5,14,21,/cbb/schools/st-thomas-mn/men/2025.html,Summit MBB,St. Thomas,NA,NA,NA,NA
2024-2025,1,2024-11-04,Stanford Cardinal Men's,Denver,,W,85,62,32,65,0.492,7,23,0.304,14,18,0.778,13,31,20,13,6,10,18,22,48,0.458,3,17,0.176,15,23,0.652,7,23,6,4,2,20,16,/cbb/schools/stanford/men/2025.html,ACC MBB,Stanford,0,-23,0,23
2024-2025,1,2024-11-04,Stephen F. Austin Lumberjacks Men's,Dallas,,W,85,51,36,77,0.468,4,22,0.182,9,15,0.6,17,54,17,16,8,18,21,17,68,0.25,3,20,0.15,14,23,0.609,13,36,3,9,3,21,14,/cbb/schools/stephen-f-austin/men/2025.html,Southland MBB,Stephen F. Austin,NA,NA,NA,NA
2024-2025,1,2024-11-04,Stetson Hatters Men's,,,W,94,75,34,65,0.523,7,25,0.28,19,28,0.679,16,49,14,9,5,16,9,28,70,0.4,15,37,0.405,4,7,0.571,7,24,16,10,1,12,21,/cbb/schools/stetson/men/2025.html,A-Sun MBB,Stetson,NA,NA,NA,NA
2024-2025,1,2024-11-04,Stonehill Skyhawks Men's,Framingham State,,W,81,62,23,60,0.383,13,31,0.419,22,31,0.71,11,33,19,15,4,14,17,21,50,0.42,3,7,0.429,17,19,0.895,4,27,6,4,5,20,25,/cbb/schools/stonehill/men/2025.html,NEC MBB,Stonehill,NA,NA,NA,NA
2024-2025,1,2024-11-04,Stony Brook Seawolves Men's,Marquette,@,L,62,102,22,60,0.367,7,25,0.28,11,15,0.733,10,26,12,3,1,13,14,40,68,0.588,9,31,0.29,13,17,0.765,10,39,22,10,2,7,16,/cbb/schools/stony-brook/men/2025.html,CAA MBB,Stony Brook,0,40,0,-40
2024-2025,1,2024-11-04,Syracuse Orange Men's,Le Moyne,,W,86,82,31,72,0.431,4,22,0.182,20,31,0.645,18,44,15,7,2,11,11,28,57,0.491,9,25,0.36,17,23,0.739,5,29,12,6,1,16,25,/cbb/schools/syracuse/men/2025.html,ACC MBB,Syracuse,0,-4,0,4
2024-2025,1,2024-11-04,Tarleton State Texans Men's,SMU,@,L,62,96,18,49,0.367,6,13,0.462,20,24,0.833,7,24,8,5,3,22,16,34,63,0.54,11,26,0.423,17,22,0.773,12,34,20,13,4,13,18,/cbb/schools/tarleton-state/men/2025.html,WAC MBB,Tarleton State,0,34,NA,NA
2024-2025,1,2024-11-04,TCU Horned Frogs Men's,Florida A&M,,W,105,59,41,75,0.547,14,30,0.467,9,16,0.563,15,44,29,8,3,5,21,18,54,0.333,8,34,0.235,15,21,0.714,7,26,8,3,0,12,15,/cbb/schools/texas-christian/men/2025.html,Big 12 MBB,TCU,0,-46,0,46
2024-2025,1,2024-11-04,Temple Owls Men's,Sacred Heart,,W,81,70,27,55,0.491,11,23,0.478,16,23,0.696,6,32,14,10,5,16,12,29,68,0.426,5,21,0.238,7,11,0.636,11,35,11,10,3,16,20,/cbb/schools/temple/men/2025.html,AAC MBB,Temple,0,-11,0,11
2024-2025,1,2024-11-04,Tennessee Volunteers Men's,Gardner-Webb,,W,80,64,28,55,0.509,8,23,0.348,16,21,0.762,7,28,16,9,2,10,15,24,55,0.436,6,23,0.261,10,15,0.667,7,27,8,6,2,14,19,/cbb/schools/tennessee/men/2025.html,SEC MBB,Tennessee,0,-16,0,16
2024-2025,1,2024-11-04,Tennessee State Tigers Men's,Fisk,,W,96,66,34,66,0.515,9,31,0.29,19,25,0.76,17,51,25,2,3,13,12,27,70,0.386,7,30,0.233,5,13,0.385,10,25,15,7,0,8,17,/cbb/schools/tennessee-state/men/2025.html,OVC MBB,Tennessee State,NA,NA,NA,NA
2024-2025,1,2024-11-04,Tennessee Tech Golden Eagles Men's,Georgia,@,L,78,83,30,61,0.492,11,28,0.393,7,11,0.636,4,19,15,7,2,13,18,34,66,0.515,4,18,0.222,11,18,0.611,14,39,15,10,4,12,14,/cbb/schools/tennessee-tech/men/2025.html,OVC MBB,Tennessee Tech,0,5,0,-5
2024-2025,1,2024-11-04,UT-Martin Skyhawks Men's,Illinois State,@,W,67,65,26,66,0.394,7,25,0.28,8,18,0.444,10,46,14,6,3,14,25,18,62,0.29,8,41,0.195,21,28,0.75,8,39,13,6,2,9,19,/cbb/schools/tennessee-martin/men/2025.html,OVC MBB,Tennessee-Martin,0,-2,0,2
2024-2025,1,2024-11-04,Texas Longhorns Men's,Ohio State,N,L,72,80,25,68,0.368,7,28,0.25,15,20,0.75,11,30,15,5,2,9,14,27,60,0.45,14,28,0.5,12,14,0.857,7,34,16,2,1,14,19,/cbb/schools/texas/men/2025.html,SEC MBB,Texas,0,8,0,-8
2024-2025,1,2024-11-04,Texas A&M Aggies Men's,UCF,@,L,61,64,23,63,0.365,7,23,0.304,8,14,0.571,15,42,13,4,3,11,24,17,50,0.34,8,26,0.308,22,31,0.71,5,24,13,9,10,10,17,/cbb/schools/texas-am/men/2025.html,SEC MBB,Texas A&M,0,3,0,-3
2024-2025,1,2024-11-04,Texas A&M-Commerce Lions Men's,Iowa,@,L,67,89,29,62,0.468,7,24,0.292,2,6,0.333,10,31,12,5,5,24,18,32,70,0.457,10,29,0.345,15,20,0.75,14,35,23,13,10,14,13,/cbb/schools/texas-am-commerce/men/2025.html,Southland MBB,Texas A&M-Commerce,0,22,0,-22
2024-2025,1,2024-11-04,Texas A&M-Corpus Christi Islanders Men's,Purdue,@,L,73,90,30,67,0.448,6,19,0.316,7,7,1,6,25,14,10,0,9,25,31,55,0.564,11,26,0.423,17,27,0.63,8,37,24,4,6,16,7,/cbb/schools/texas-am-corpus-christi/men/2025.html,Southland MBB,Texas A&M-Corpus Christi,0,17,0,-17
2024-2025,1,2024-11-04,Texas Southern Tigers Men's,Xavier,@,L,69,78,24,58,0.414,10,23,0.435,11,13,0.846,6,31,16,7,4,17,31,19,51,0.373,6,23,0.261,34,41,0.829,4,30,17,14,3,9,15,/cbb/schools/texas-southern/men/2025.html,SWAC MBB,Texas Southern,0,9,0,-9
2024-2025,1,2024-11-04,Texas State Bobcats Men's,Eastern Michigan,,W,64,44,20,48,0.417,7,15,0.467,17,21,0.81,8,40,13,8,4,12,16,17,58,0.293,5,24,0.208,5,15,0.333,10,29,7,7,0,13,15,/cbb/schools/texas-state/men/2025.html,Sun Belt MBB,Texas State,0,-20,0,20
2024-2025,1,2024-11-05,Texas Tech Red Raiders Men's,Bethune-Cookman,,W,94,61,36,63,0.571,16,30,0.533,6,10,0.6,10,37,15,7,6,11,12,25,60,0.417,6,16,0.375,5,10,0.5,3,17,13,7,3,9,10,/cbb/schools/texas-tech/men/2025.html,Big 12 MBB,Texas Tech,0,-33,0,33
2024-2025,1,2024-11-04,Texas-Rio Grande Valley Vaqueros Men's,Nebraska,@,L,67,87,24,62,0.387,13,41,0.317,6,9,0.667,8,30,11,4,0,20,27,28,57,0.491,6,19,0.316,25,35,0.714,11,42,11,9,2,13,15,/cbb/schools/texas-pan-american/men/2025.html,Southland MBB,Texas-Rio Grande Valley,0,20,0,-20
2024-2025,1,2024-11-04,The Citadel Bulldogs Men's,Boston College,@,L,60,69,20,52,0.385,3,24,0.125,17,25,0.68,8,29,11,8,5,14,22,21,54,0.389,5,18,0.278,22,28,0.786,11,39,10,7,2,14,21,/cbb/schools/citadel/men/2025.html,Southern MBB,The Citadel,0,9,0,-9
2024-2025,1,2024-11-04,Toledo Rockets Men's,Troy,@,L,74,84,28,69,0.406,3,17,0.176,15,17,0.882,11,32,15,6,3,11,14,35,67,0.522,7,23,0.304,7,13,0.538,11,40,16,9,5,11,18,/cbb/schools/toledo/men/2025.html,MAC MBB,Toledo,0,10,0,-10
2024-2025,1,2024-11-04,Towson Tigers Men's,Saint Mary's,@,L,69,76,27,64,0.422,4,13,0.308,11,19,0.579,11,27,13,2,3,7,25,25,54,0.463,4,16,0.25,22,29,0.759,12,37,11,4,1,9,19,/cbb/schools/towson/men/2025.html,CAA MBB,Towson,0,7,NA,NA
2024-2025,1,2024-11-04,Troy Trojans Men's,Toledo,,W,84,74,35,67,0.522,7,23,0.304,7,13,0.538,11,40,16,9,5,11,18,28,69,0.406,3,17,0.176,15,17,0.882,11,32,15,6,3,11,14,/cbb/schools/troy/men/2025.html,Sun Belt MBB,Troy,0,-10,0,10
2024-2025,1,2024-11-04,Tulane Green Wave Men's,Louisiana Christian,,W,76,42,25,60,0.417,10,24,0.417,16,22,0.727,9,43,17,4,10,11,15,14,57,0.246,3,22,0.136,11,17,0.647,7,32,8,6,7,10,21,/cbb/schools/tulane/men/2025.html,AAC MBB,Tulane,NA,NA,NA,NA
2024-2025,1,2024-11-04,Tulsa Golden Hurricane Men's,Northeastern State,,W,82,68,28,63,0.444,11,29,0.379,15,26,0.577,9,34,13,11,4,9,12,27,58,0.466,9,24,0.375,5,10,0.5,5,29,15,4,2,15,16,/cbb/schools/tulsa/men/2025.html,AAC MBB,Tulsa,NA,NA,NA,NA
2024-2025,1,2024-11-04,UAB Blazers Men's,Vermont,,L,62,67,26,68,0.382,0,10,0,10,15,0.667,14,44,3,4,8,7,15,22,58,0.379,10,27,0.37,13,16,0.813,6,28,11,4,4,5,14,/cbb/schools/alabama-birmingham/men/2025.html,AAC MBB,UAB,0,5,0,-5
2024-2025,1,2024-11-05,UC-Davis Aggies Men's,Washington,@,L,73,79,23,66,0.348,6,27,0.222,21,26,0.808,13,41,6,5,6,17,25,28,62,0.452,2,14,0.143,21,38,0.553,11,42,13,11,6,14,20,/cbb/schools/california-davis/men/2025.html,Big West MBB,UC Davis,0,6,0,-6
2024-2025,1,2024-11-04,UC-Irvine Anteaters Men's,Chapman,,W,82,52,27,57,0.474,4,13,0.308,24,33,0.727,8,35,17,13,4,10,16,19,59,0.322,7,24,0.292,7,11,0.636,9,33,10,2,6,20,24,/cbb/schools/california-irvine/men/2025.html,Big West MBB,UC Irvine,NA,NA,NA,NA
2024-2025,1,2024-11-04,UC-Riverside Highlanders Men's,Oregon,@,L,76,91,29,65,0.446,12,34,0.353,6,12,0.5,7,26,13,5,2,8,23,33,66,0.5,6,19,0.316,19,25,0.76,13,41,16,5,4,8,16,/cbb/schools/california-riverside/men/2025.html,Big West MBB,UC Riverside,0,15,0,-15
2024-2025,1,2024-11-04,UCSB Gauchos Men's,San Francisco State,,W,96,47,34,63,0.54,14,34,0.412,14,21,0.667,11,52,17,6,7,14,12,18,68,0.265,7,27,0.259,4,5,0.8,5,25,11,6,0,12,21,/cbb/schools/california-santa-barbara/men/2025.html,Big West MBB,UC Santa Barbara,NA,NA,NA,NA
2024-2025,1,2024-11-04,UCF Knights Men's,Texas A&M,,W,64,61,17,50,0.34,8,26,0.308,22,31,0.71,5,24,13,9,10,10,17,23,63,0.365,7,23,0.304,8,14,0.571,15,42,13,4,3,11,24,/cbb/schools/central-florida/men/2025.html,Big 12 MBB,UCF,0,-3,0,3
2024-2025,1,2024-11-04,UCLA Bruins Men's,Rider,,W,85,50,34,65,0.523,10,29,0.345,7,12,0.583,13,41,21,6,9,9,13,20,63,0.317,5,20,0.25,5,13,0.385,16,34,13,6,2,11,17,/cbb/schools/ucla/men/2025.html,Big Ten MBB,UCLA,0,-35,0,35
2024-2025,1,2024-11-04,UNC Asheville Bulldogs Men's,Alabama,@,L,54,110,20,73,0.274,6,26,0.231,8,14,0.571,13,25,8,6,2,8,22,38,60,0.633,8,18,0.444,26,37,0.703,14,54,21,5,6,10,12,/cbb/schools/north-carolina-asheville/men/2025.html,Big South MBB,UNC Asheville,0,56,0,-56
2024-2025,1,2024-11-04,UNC Greensboro Spartans Men's,Florida Gulf Coast,,W,73,64,22,61,0.361,12,31,0.387,17,20,0.85,11,39,10,6,1,5,11,23,58,0.397,9,30,0.3,9,11,0.818,7,34,11,1,0,7,20,/cbb/schools/north-carolina-greensboro/men/2025.html,Southern MBB,UNC Greensboro,0,-9,0,9
2024-2025,1,2024-11-04,UNC Wilmington Seahawks Men's,Mount Olive,,W,143,91,53,77,0.688,15,28,0.536,22,31,0.71,14,44,32,8,5,15,18,35,80,0.438,5,27,0.185,16,23,0.696,11,24,12,10,1,12,23,/cbb/schools/north-carolina-wilmington/men/2025.html,CAA MBB,UNC Wilmington,NA,NA,NA,NA
2024-2025,1,2024-11-04,UT Arlington Mavericks Men's,North Texas at Dallas,,W,90,55,33,71,0.465,9,26,0.346,15,21,0.714,11,42,16,13,4,11,13,21,72,0.292,5,14,0.357,8,12,0.667,13,38,5,8,4,18,18,/cbb/schools/texas-arlington/men/2025.html,WAC MBB,UT Arlington,NA,NA,NA,NA
2024-2025,1,2024-11-04,Utah Utes Men's,Alcorn State,,W,100,59,32,57,0.561,19,38,0.5,17,25,0.68,10,31,29,10,2,10,18,20,55,0.364,3,11,0.273,16,22,0.727,13,25,9,7,1,14,19,/cbb/schools/utah/men/2025.html,Big 12 MBB,Utah,0,-41,0,41
2024-2025,1,2024-11-04,Utah Tech Trailblazers Men's,Oregon State,@,L,57,80,19,57,0.333,5,25,0.2,14,23,0.609,8,33,10,4,0,12,20,32,64,0.5,6,24,0.25,10,16,0.625,9,36,16,8,5,9,19,/cbb/schools/dixie-state/men/2025.html,WAC MBB,Utah Tech,0,23,0,-23
2024-2025,1,2024-11-04,Utah Valley Wolverines Men's,Western Colorado,,W,92,57,33,54,0.611,7,19,0.368,19,31,0.613,12,42,24,10,12,19,15,20,56,0.357,3,14,0.214,14,19,0.737,4,20,12,12,0,18,20,/cbb/schools/utah-valley/men/2025.html,WAC MBB,Utah Valley,NA,NA,NA,NA
2024-2025,1,2024-11-04,UTEP Miners Men's,Sul Ross State,,W,102,55,35,62,0.565,14,27,0.519,18,26,0.692,6,30,23,19,6,8,19,18,46,0.391,4,16,0.25,15,21,0.714,5,27,10,5,5,26,17,/cbb/schools/texas-el-paso/men/2025.html,CUSA MBB,UTEP,NA,NA,NA,NA
2024-2025,1,2024-11-04,UTSA Roadrunners Men's,Trinity (TX),,W,103,77,36,76,0.474,11,33,0.333,20,22,0.909,16,36,16,21,6,13,10,31,63,0.492,9,22,0.409,6,7,0.857,12,34,16,11,3,28,15,/cbb/schools/texas-san-antonio/men/2025.html,AAC MBB,UTSA,NA,NA,NA,NA
2024-2025,1,2024-11-04,Valparaiso Beacons Men's,Liberty,N,L,63,83,22,63,0.349,2,15,0.133,17,21,0.81,8,30,7,1,2,8,13,32,59,0.542,10,24,0.417,9,13,0.692,4,32,15,6,5,5,16,/cbb/schools/valparaiso/men/2025.html,MVC MBB,Valparaiso,0,20,0,-20
2024-2025,1,2024-11-04,Vanderbilt Commodores Men's,Maryland-Eastern Shore,,W,102,63,36,72,0.5,8,34,0.235,22,33,0.667,14,43,18,11,4,1,15,23,52,0.442,7,21,0.333,10,19,0.526,4,30,7,1,0,15,19,/cbb/schools/vanderbilt/men/2025.html,SEC MBB,Vanderbilt,0,-39,0,39
2024-2025,1,2024-11-04,Vermont Catamounts Men's,UAB,@,W,67,62,22,58,0.379,10,27,0.37,13,16,0.813,6,28,11,4,4,5,14,26,68,0.382,0,10,0,10,15,0.667,14,44,3,4,8,7,15,/cbb/schools/vermont/men/2025.html,AEC MBB,Vermont,0,-5,0,5
2024-2025,1,2024-11-04,Villanova Wildcats Men's,Lafayette,,W,75,63,31,60,0.517,4,13,0.308,9,11,0.818,11,36,15,9,4,16,14,24,59,0.407,7,20,0.35,8,12,0.667,8,21,18,8,3,12,14,/cbb/schools/villanova/men/2025.html,Big East MBB,Villanova,0,-12,0,12
2024-2025,1,2024-11-04,VCU Rams Men's,Bellarmine,,W,84,65,29,55,0.527,15,29,0.517,11,17,0.647,11,32,20,7,10,16,17,26,56,0.464,4,13,0.308,9,13,0.692,9,26,8,10,1,13,23,/cbb/schools/virginia-commonwealth/men/2025.html,A-10 MBB,Virginia Commonwealth,0,-19,0,19
2024-2025,1,2024-11-04,VMI Keydets Men's,Washington College,,W,103,54,37,75,0.493,10,31,0.323,19,25,0.76,18,44,28,13,4,9,15,18,49,0.367,7,22,0.318,11,16,0.688,6,21,8,6,3,19,21,/cbb/schools/virginia-military-institute/men/2025.html,Southern MBB,VMI,NA,NA,NA,NA
2024-2025,1,2024-11-04,Virginia Tech Hokies Men's,Delaware State,,W,83,60,26,55,0.473,9,28,0.321,22,33,0.667,11,38,20,6,5,14,21,17,49,0.347,3,10,0.3,23,30,0.767,9,27,8,9,1,16,23,/cbb/schools/virginia-tech/men/2025.html,ACC MBB,Virginia Tech,0,-23,0,23
2024-2025,1,2024-11-04,Wake Forest Demon Deacons Men's,Coppin State,,W,64,49,22,56,0.393,9,37,0.243,11,23,0.478,9,35,14,11,6,12,18,17,60,0.283,4,18,0.222,11,15,0.733,12,39,9,5,0,19,21,/cbb/schools/wake-forest/men/2025.html,ACC MBB,Wake Forest,0,-15,0,15
2024-2025,1,2024-11-05,Washington Huskies Men's,UC-Davis,,W,79,73,28,62,0.452,2,14,0.143,21,38,0.553,11,42,13,11,6,14,20,23,66,0.348,6,27,0.222,21,26,0.808,13,41,6,5,6,17,25,/cbb/schools/washington/men/2025.html,Big Ten MBB,Washington,0,-6,NA,NA
2024-2025,1,2024-11-04,Washington State Cougars Men's,Portland State,,W,100,92,30,57,0.526,15,32,0.469,25,32,0.781,9,34,15,6,4,20,25,33,68,0.485,12,27,0.444,14,21,0.667,13,26,16,9,4,15,24,/cbb/schools/washington-state/men/2025.html,WCC MBB,Washington State,0,-8,0,8
2024-2025,1,2024-11-04,Weber State Wildcats Men's,Northwest Indian College,,W,118,35,46,78,0.59,19,36,0.528,7,12,0.583,11,59,28,9,7,7,14,13,69,0.188,3,21,0.143,6,14,0.429,9,33,9,3,0,16,15,/cbb/schools/weber-state/men/2025.html,Big Sky MBB,Weber State,NA,NA,NA,NA
2024-2025,1,2024-11-04,West Virginia Mountaineers Men's,Robert Morris,,W,87,59,33,60,0.55,14,34,0.412,7,12,0.583,6,34,16,10,8,11,14,22,68,0.324,6,24,0.25,9,12,0.75,15,40,8,6,1,13,12,/cbb/schools/west-virginia/men/2025.html,Big 12 MBB,West Virginia,0,-28,0,28
2024-2025,1,2024-11-04,Western Carolina Catamounts Men's,Bob Jones University,,W,100,61,37,62,0.597,13,34,0.382,13,18,0.722,11,49,26,8,3,19,10,22,71,0.31,10,41,0.244,7,11,0.636,7,22,9,13,1,10,14,/cbb/schools/western-carolina/men/2025.html,Southern MBB,Western Carolina,NA,NA,NA,NA
2024-2025,1,2024-11-04,Western Illinois Leathernecks Men's,San Jose State,@,W,59,55,22,51,0.431,7,24,0.292,8,10,0.8,6,32,10,3,2,12,24,16,46,0.348,3,16,0.188,20,29,0.69,4,25,6,5,0,5,15,/cbb/schools/western-illinois/men/2025.html,OVC MBB,Western Illinois,0,-4,0,4
2024-2025,1,2024-11-04,Western Kentucky Hilltoppers Men's,Wichita State,,L,84,91,27,68,0.397,6,25,0.24,24,34,0.706,9,37,12,8,3,13,25,27,61,0.443,11,27,0.407,26,36,0.722,8,39,17,11,8,14,21,/cbb/schools/western-kentucky/men/2025.html,CUSA MBB,Western Kentucky,0,7,0,-7
2024-2025,1,2024-11-04,Western Michigan Broncos Men's,Coastal Carolina,@,L,56,60,18,52,0.346,3,15,0.2,17,28,0.607,8,31,5,7,2,8,16,22,47,0.468,6,20,0.3,10,15,0.667,3,33,13,4,3,9,22,/cbb/schools/western-michigan/men/2025.html,MAC MBB,Western Michigan,0,4,0,-4
2024-2025,1,2024-11-04,Wichita State Shockers Men's,Western Kentucky,@,W,91,84,27,61,0.443,11,27,0.407,26,36,0.722,8,39,17,11,8,14,21,27,68,0.397,6,25,0.24,24,34,0.706,9,37,12,8,3,13,25,/cbb/schools/wichita-state/men/2025.html,AAC MBB,Wichita State,0,-7,0,7
2024-2025,1,2024-11-04,William & Mary Tribe Men's,Dickinson College,,W,84,36,29,64,0.453,12,36,0.333,14,23,0.609,9,43,20,14,3,8,17,14,59,0.237,4,31,0.129,4,11,0.364,8,34,7,4,3,20,17,/cbb/schools/william-mary/men/2025.html,CAA MBB,William & Mary,NA,NA,NA,NA
2024-2025,1,2024-11-04,Winthrop Eagles Men's,Piedmont,,W,125,65,46,88,0.523,13,40,0.325,20,28,0.714,25,58,20,10,6,9,14,24,66,0.364,8,24,0.333,9,12,0.75,4,23,12,4,4,15,22,/cbb/schools/winthrop/men/2025.html,Big South MBB,Winthrop,NA,NA,NA,NA
2024-2025,1,2024-11-04,Wisconsin Badgers Men's,Holy Cross,,W,85,61,29,59,0.492,11,31,0.355,16,16,1,7,32,15,7,2,11,14,23,53,0.434,9,24,0.375,6,7,0.857,3,20,8,4,2,12,20,/cbb/schools/wisconsin/men/2025.html,Big Ten MBB,Wisconsin,0,-24,0,24
2024-2025,1,2024-11-04,Wofford Terriers Men's,Erskine,,W,112,58,44,92,0.478,15,51,0.294,9,17,0.529,25,62,31,18,0,11,12,20,56,0.357,8,33,0.242,10,16,0.625,3,28,6,9,3,23,16,/cbb/schools/wofford/men/2025.html,Southern MBB,Wofford,NA,NA,NA,NA
2024-2025,1,2024-11-04,Wright State Raiders Men's,Kentucky,@,L,62,103,24,68,0.353,5,27,0.185,9,12,0.75,10,30,8,4,1,12,12,39,65,0.6,11,24,0.458,14,19,0.737,7,40,30,11,4,7,14,/cbb/schools/wright-state/men/2025.html,Horizon MBB,Wright State,0,41,0,-41
2024-2025,1,2024-11-04,Wyoming Cowboys Men's,Concordia-St. Paul,,W,108,85,45,84,0.536,6,21,0.286,12,19,0.632,16,42,19,9,3,8,26,26,67,0.388,10,31,0.323,23,29,0.793,12,31,12,2,1,15,18,/cbb/schools/wyoming/men/2025.html,MWC MBB,Wyoming,NA,NA,NA,NA
2024-2025,1,2024-11-04,Xavier Musketeers Men's,Texas Southern,,W,78,69,19,51,0.373,6,23,0.261,34,41,0.829,4,30,17,14,3,9,15,24,58,0.414,10,23,0.435,11,13,0.846,6,31,16,7,4,17,31,/cbb/schools/xavier/men/2025.html,Big East MBB,Xavier,0,-9,0,9
2024-2025,1,2024-11-04,Yale Bulldogs Men's,Quinnipiac,,W,88,62,30,65,0.462,7,20,0.35,21,27,0.778,18,42,19,7,4,15,16,19,60,0.317,7,32,0.219,17,18,0.944,7,23,10,10,7,13,24,/cbb/schools/yale/men/2025.html,Ivy MBB,Yale,0,-26,0,26
